chr,pos,Label,mpra_screen
21,32926897,1,0.10734391
17,43688249,1,0.035142228
10,74903148,1,0.1584721
1,25760920,1,0.16683947
16,69227616,1,0.10128469
2,86216343,1,0.006132187
21,43444414,1,0.0048782798
1,40204823,1,0.20053619
19,38754948,1,0.63876605
1,2720175,1,0.028940467
2,99749154,1,0.08250655
1,43181330,1,0.06238864
11,33073061,1,0.21527952
2,86324760,1,0.18089195
22,39409016,1,0.03904095
20,60727907,1,0.19524854
20,25405086,1,0.07525729
13,115066713,1,0.39658
19,2790394,1,0.4636055
18,61508199,1,0.009130874
13,101327452,1,0.3462644
4,152432506,1,0.03413574
9,33245076,1,0.10765338
3,158369163,1,0.25578508
2,98177124,1,0.26037985
10,120897151,1,0.04080125
5,74134742,1,0.072861165
14,24919219,1,0.042205613
17,33816226,1,0.025315907
19,5804565,1,0.07835793
7,2870454,1,0.12168076
15,41098339,1,0.35873932
21,30383857,1,0.067147
6,29606832,1,0.16640888
4,68567025,1,0.92309815
8,124454579,1,0.34255564
6,32490149,1,0.52986073
17,43807113,1,0.07239446
3,131080505,1,0.63534176
10,121588343,1,0.3332131
19,13907805,1,0.5446743
7,116138831,1,0.037012763
1,10386506,1,0.15036845
14,74269158,1,0.050904363
12,69753847,1,0.76897097
3,120030650,1,0.14448918
2,98169544,1,0.10626755
1,169915541,1,0.026110863
16,69343361,1,0.09408505
17,41150464,1,0.9158449
16,77242513,1,0.20911036
21,44295629,1,0.16573305
17,45024027,1,0.08168724
22,50753334,1,0.85248035
17,40259201,1,0.6362327
1,22356098,1,0.49640834
4,93581669,1,0.0011469759
22,43134801,1,0.0068438817
15,75630130,1,0.108564205
6,10887276,1,0.27513033
17,16030900,1,0.084406555
7,93671650,1,0.025616497
19,583711,1,0.078698345
10,16859618,1,0.75690484
1,41744093,1,0.047763992
6,32605043,1,0.60594517
12,10678361,1,0.01560361
17,42262010,1,0.6827614
8,145990548,1,0.15765513
6,44139869,1,0.01914228
13,27920452,1,0.0094099585
16,1895030,1,0.23167637
3,122159240,1,0.4125923
17,44025033,1,0.019478446
7,121025295,1,0.072391085
2,241566429,1,0.5658352
15,45650666,1,0.1313068
5,167908641,1,0.83523524
14,59951446,1,0.7715491
12,113364332,1,0.5122356
11,74654254,1,0.8479865
12,132569521,1,0.883238
10,120891396,1,0.9198918
17,45883799,1,0.38392913
1,46806429,1,0.9328194
11,68646845,1,0.10637931
5,10337727,1,0.0076616826
17,41265776,1,0.5296686
1,169275630,1,0.03929383
7,116110732,1,0.0089705875
10,11781510,1,0.023859227
7,23680307,1,0.14851165
2,208418313,1,0.06969293
5,10452668,1,0.02559525
6,25139049,1,0.4584925
1,169204640,1,0.05717292
14,50754681,1,0.38802513
6,6588881,1,0.6706038
3,13404761,1,0.06864504
1,64018405,1,0.12982698
6,29913758,1,0.12047155
3,121560898,1,0.55638736
8,146008536,1,0.36314788
1,154537505,1,0.5624303
9,93563992,1,0.7390193
6,42166552,1,0.07641403
4,185593042,1,0.20889005
19,53943312,1,0.21737887
6,107125913,1,0.022270942
14,21965672,1,0.2397031
19,41699886,1,0.2953186
5,498101,1,0.009132815
5,74049046,1,0.21219636
11,71183474,1,0.25069878
17,43748412,1,0.14060706
6,42940235,1,0.26029214
9,73525766,1,0.011476346
16,2951886,1,0.25932512
6,32941921,1,0.46467024
22,42121789,1,0.46858868
14,65371933,1,0.069140516
2,70124805,1,0.14990973
5,179258523,1,0.22572774
11,65647260,1,0.4675871
2,113993385,1,0.25992373
12,113364471,1,0.5169582
12,7008438,1,0.18067786
19,12524715,1,0.017599756
19,53868959,1,0.88900286
14,65379283,1,0.12429355
1,235685670,1,0.021088248
3,58360091,1,0.34608418
7,134233851,1,0.8812922
15,41741482,1,0.30970758
16,4310217,1,0.17398842
3,130439500,1,0.37593988
22,42074214,1,0.1978545
4,101106111,1,0.051318318
8,33336276,1,0.2899407
9,37492679,1,0.115590595
16,1884724,1,0.4739982
9,37498742,1,0.24976872
7,38394144,1,0.19397251
9,100000731,1,0.8868866
12,112378909,1,0.24494481
1,169137676,1,0.18158951
15,41711447,1,0.18832028
4,15647991,1,0.1139504
9,34320525,1,0.37848407
16,94535,1,0.6634211
1,17004834,1,0.83258504
15,82258451,1,0.0129387425
18,13701990,1,0.08719114
12,7005197,1,0.3467427
1,43001615,1,0.06877472
11,47622139,1,0.2423645
19,11300862,1,0.13138475
11,68718288,1,0.014342396
5,36689524,1,0.73943686
3,40894699,1,0.0023823471
2,20101717,1,0.8750812
12,113364504,1,0.47773385
1,36882240,1,0.19125874
16,28565667,1,0.7015644
4,93555855,1,0.0007336872
11,74106695,1,0.12344553
12,7338947,1,0.15030698
11,74660143,1,0.9558069
2,98168868,1,0.24125887
3,46765277,1,0.57974637
2,238795011,1,0.013691834
19,7682030,1,0.095234565
20,6003893,1,0.43895537
9,107685577,1,0.05881009
5,178154250,1,0.22017516
22,43041837,1,0.16753858
19,44081059,1,0.044197906
8,145013893,1,0.73311013
16,11159919,1,0.08456338
11,43851474,1,0.08841809
7,116090300,1,0.008720695
21,44229857,1,0.023343919
17,41229760,1,0.12708727
3,48340045,1,0.24714293
2,136652045,1,0.18489085
1,17004770,1,0.87252146
3,41945144,1,0.037853092
11,74618701,1,0.22343762
17,44157992,1,0.0476365
16,1895982,1,0.21497649
16,2034012,1,0.6975913
11,122748441,1,0.47805342
6,26378288,1,0.32009965
11,695854,1,0.80434924
10,71970798,1,0.40802544
7,99041416,1,0.4468536
19,48836236,1,0.6472164
19,50504343,1,0.12565976
17,260142,1,0.72450244
16,2042417,1,0.5132842
6,32472820,1,0.023363346
6,26474096,1,0.7817342
13,45970108,1,0.40524206
3,134205445,1,0.24762017
12,58322764,1,0.33285156
7,99690690,1,0.4052112
14,24898751,1,0.65044993
8,71570989,1,0.367433
4,152221879,1,0.045175556
17,259304,1,0.23561126
2,99730199,1,0.24544892
2,132440073,1,0.7726419
22,21092217,1,0.074014015
14,35556842,1,0.45564702
14,59733994,1,0.2655819
18,33597531,1,0.1585792
2,242678898,1,0.13840744
9,37497079,1,0.3544333
5,96275201,1,0.15768464
1,26527809,1,0.5235019
19,56284833,1,0.00428136
11,71159429,1,0.92986953
16,69454352,1,0.4013726
11,93493989,1,0.32300225
1,11843919,1,0.44150707
6,29825635,1,0.020891903
18,61579884,1,0.21030599
15,41764522,1,0.22977753
19,50516410,1,0.35570884
8,90915308,1,0.6964804
11,68634722,1,0.39194804
1,53340885,1,0.40534803
2,121044922,1,0.8909061
14,22080627,1,0.36433688
3,121496551,1,0.18190856
2,70139001,1,0.29884148
11,78007169,1,0.31931674
1,171750557,1,0.7606753
19,11296830,1,0.31261227
19,50477230,1,0.16978458
7,120999337,1,0.26324347
12,127254839,1,0.013761632
14,75482827,1,0.28781146
5,74072924,1,0.15925911
14,77574438,1,0.3259961
14,65365226,1,0.25595015
17,4878437,1,0.36819223
13,115075910,1,0.10652874
6,32492054,1,0.4302287
19,41209256,1,0.27671757
17,44114364,1,0.3180795
1,22356155,1,0.48174942
5,138775301,1,0.83705944
22,30314092,1,0.074675485
16,1862983,1,0.57160306
6,32525913,1,0.049786534
11,73668964,1,0.6400266
6,88371060,1,0.20096697
11,18433005,1,0.16283785
20,60685349,1,0.031772766
11,64007976,1,0.5623282
7,12250378,1,0.70521
9,99204468,1,0.06172967
20,30458612,1,0.41766462
6,88323138,1,0.37832284
9,103945236,1,0.007018219
11,118436429,1,0.52399486
16,81105610,1,0.58598137
5,72853314,1,0.121936895
17,44096541,1,0.28212318
18,61562391,1,0.50633943
3,134319723,1,0.5883745
1,84944940,1,0.87973493
9,139239807,1,0.20014577
14,92309961,1,0.16087803
17,43900760,1,0.078132086
22,42486080,1,0.8445227
15,45652703,1,0.17080149
5,149625087,1,0.14451058
4,122615760,1,0.23659042
15,75825822,1,0.1030416
19,46045916,1,0.3088485
1,85426571,1,0.0069078673
17,7155056,1,0.9182336
1,245204100,1,0.022745622
3,134319448,1,0.2772256
10,127515069,1,0.22063984
15,41038439,1,0.50797755
6,39606635,1,0.012655808
4,44642435,1,0.034983244
2,75939418,1,0.39144534
10,61469549,1,0.5033137
10,48162441,0,0.0022697677
10,128422230,0,0.0016023483
10,71662043,0,0.009283174
10,27637232,0,0.012858505
10,92046283,0,0.008723375
10,14970806,0,0.16295627
10,44349635,0,0.047219325
10,7283097,0,0.10863114
10,121153757,0,0.044154655
10,39046238,0,0.0027133904
10,22885910,0,0.062769204
10,74018107,0,0.027247855
10,134337172,0,0.008572187
10,98724012,0,0.016265843
10,11226707,0,0.01041618
1,209353998,0,0.0053506303
1,219087345,0,0.004176132
1,93168369,0,0.01896329
1,56885140,0,0.0030940573
1,184336986,0,0.0014565934
1,102270829,0,0.0019738858
1,87282194,0,0.0023377368
1,213584166,0,0.0032439556
1,1247494,0,0.1434198
1,53247495,0,0.122915246
1,158498305,0,0.0054820036
1,56906412,0,0.0024800864
1,160841806,0,0.06545402
1,153199733,0,0.0062313834
1,167098313,0,0.051762853
16,28617595,0,0.13706677
16,53584921,0,0.007739957
16,19233618,0,0.006314616
16,81764815,0,0.050500315
16,61462524,0,0.0016363608
16,79793675,0,0.009764764
16,72400894,0,0.029873002
16,29681707,0,0.116539784
16,79001490,0,0.0040549175
16,56921686,0,0.012977122
16,13120367,0,0.0060207164
16,69509844,0,0.20553151
16,23089631,0,0.10762153
16,5973531,0,0.00053371093
2,106055684,0,0.00418429
2,162346932,0,0.004435883
2,61204856,0,0.39675382
2,81436855,0,0.002424806
2,84563609,0,0.017716937
2,140452559,0,0.005231561
2,21414686,0,0.0049374416
2,52293948,0,0.0043066326
2,20429982,0,0.15822592
2,109691506,0,0.014294889
2,159952098,0,0.01109024
2,201552509,0,0.0797998
2,224676285,0,0.008377347
2,232509781,0,0.008184444
21,42203219,0,0.0013005045
21,20203353,0,0.00073101616
21,33142354,0,0.014716114
21,32383666,0,0.0019010325
21,42280243,0,0.0032283405
21,22674427,0,0.003101681
21,23940870,0,0.0010415872
21,32429836,0,0.0015799798
21,23932199,0,0.002121815
21,34152115,0,0.17967018
21,47338007,0,0.029205812
21,17002688,0,0.002248413
21,23926628,0,0.00050306984
21,26968010,0,0.12327608
21,37366925,0,0.010628476
1,217600946,0,0.012603639
1,17030515,0,0.008760489
1,114639504,0,0.027858637
1,102976864,0,0.0047011226
1,228317685,0,0.3991187
1,183457396,0,0.03414287
1,9121025,0,0.07512305
1,79951308,0,0.0021074284
1,249077807,0,0.027327586
1,8949846,0,0.029516928
1,15920366,0,0.18521841
1,27067417,0,0.17625712
1,227493046,0,0.07024591
1,57395421,0,0.0026540945
1,241708220,0,0.04362025
19,42057530,0,0.1878383
19,51044641,0,0.01111882
19,43968312,0,0.5221436
19,23944723,0,0.0047586495
19,5780411,0,0.043216072
19,48912096,0,0.09320028
19,4951064,0,0.19281949
19,19778894,0,0.23792376
19,34930111,0,0.3017567
19,57368976,0,0.0065229167
19,13274526,0,0.2992835
19,30792216,0,0.0017843395
19,23057019,0,0.0053140298
19,44211773,0,0.027566234
2,124375627,0,0.0042660036
2,29511832,0,0.002267884
2,206208139,0,0.005529873
2,225772392,0,0.05593222
2,240345475,0,0.005498797
2,16229702,0,0.00197387
2,242890922,0,0.024097128
2,76593220,0,0.0016317929
2,241624695,0,0.011941066
2,29883551,0,0.0021419036
2,115870105,0,0.0018524977
2,70167197,0,0.10173039
2,15419856,0,0.03893667
2,175599419,0,0.012220606
2,112276723,0,0.0048182644
1,43822885,0,0.6509006
1,201974292,0,0.1360782
1,229368942,0,0.003935723
1,118742207,0,0.0038682148
1,3252166,0,0.0056483564
1,39314958,0,0.27311224
1,6439732,0,0.034328595
1,19023611,0,0.010932314
1,180809702,0,0.011984597
1,182237758,0,0.029873727
1,121377776,0,0.00077627413
1,240192519,0,0.0024183344
1,38015757,0,0.5967251
1,115360365,0,0.017728709
1,39312419,0,0.20716865
11,80609887,0,0.0047091455
11,11073344,0,0.014420007
11,12530420,0,0.006487544
11,117315692,0,0.016881563
11,24409949,0,0.011681312
11,99997870,0,0.00068217807
11,5433114,0,0.01705286
11,21679394,0,0.0009803053
11,105231401,0,0.0039789653
11,6868885,0,0.015866218
11,48913719,0,0.0807033
11,14103732,0,0.0053204987
11,12293358,0,0.021054534
11,114813506,0,0.0037912088
11,132397216,0,0.006579482
2,230565019,0,0.0068122046
2,165347407,0,0.0028634584
2,148860335,0,0.0061510447
2,39708477,0,0.065028936
2,198076776,0,0.11869785
2,60859507,0,0.026749635
2,212766614,0,0.002503413
2,114043021,0,0.011023177
2,68110020,0,0.012150552
2,220796314,0,0.0035455648
2,166112580,0,0.024317142
2,1373527,0,0.003946473
2,29103395,0,0.07625402
2,10490974,0,0.04315966
2,81438432,0,0.0018734471
22,41506981,0,0.04935192
22,36987993,0,0.011017991
22,31618358,0,0.27200484
22,19650473,0,0.005201863
22,17390803,0,0.011968646
22,17990258,0,0.027277792
22,45053496,0,0.0064812466
22,25686297,0,0.0034690911
22,44759608,0,0.013763335
22,28316761,0,0.19156699
22,50158564,0,0.007237367
22,24653758,0,0.025327051
20,53522057,0,0.009837424
20,3329851,0,0.03856402
20,22746415,0,0.0023837301
20,588089,0,0.12910622
20,4529879,0,0.0030315698
20,53635581,0,0.0013147821
20,6123550,0,0.008290399
20,36458530,0,0.038393438
20,13752558,0,0.14253028
20,2341118,0,0.014305138
20,38409653,0,0.0024268979
20,56002404,0,0.032936305
20,48419787,0,0.048174147
20,6449281,0,0.0013322554
20,57986420,0,0.001820243
20,9060503,0,0.0015654139
20,37307262,0,0.0040906817
20,13351959,0,0.0022972408
20,15429941,0,0.0012398125
20,24186113,0,0.0068373797
20,6599570,0,0.0016936508
20,44914134,0,0.0063447687
20,40721761,0,0.004724217
20,56108386,0,0.0184653
20,48221778,0,0.050354205
20,20403086,0,0.083304614
20,47403913,0,0.06575289
20,26057924,0,0.005007646
20,37316601,0,0.0066418014
20,15061549,0,0.0015049208
13,99863477,0,0.054344464
13,23539129,0,0.002296952
13,112952511,0,0.0017552149
13,94973311,0,0.014122759
13,96177446,0,0.018562539
13,87907133,0,0.0028209381
13,34327959,0,0.04389446
13,21789845,0,0.03534956
13,105408666,0,0.0017232003
13,40891523,0,0.007823465
13,110468273,0,0.103611924
13,44362762,0,0.00860285
13,110197259,0,0.007404591
13,62044251,0,0.0006422333
13,64439032,0,0.0012635394
19,54029804,0,0.029111078
19,1209582,0,0.07897228
19,3034633,0,0.10786074
19,12989979,0,0.15177362
19,38997459,0,0.118581474
19,11809751,0,0.030715343
19,12535497,0,0.26296765
19,587977,0,0.019562053
19,19200348,0,0.079198554
19,9009358,0,0.0017413169
19,50097784,0,0.051402096
19,44198771,0,0.0073372154
19,52513317,0,0.030655857
19,59050779,0,0.46205664
13,27263924,0,0.06134066
13,30927769,0,0.0678579
13,84627102,0,0.004605887
13,44191220,0,0.0018680709
13,80795766,0,0.051155504
13,93315700,0,0.0015534061
13,53382372,0,0.17398092
13,73793030,0,0.0031577204
13,59510818,0,0.001154274
13,21493315,0,0.011964599
13,112108057,0,0.0060467944
13,57600919,0,0.0048541888
13,20858880,0,0.047055118
13,44307013,0,0.001935075
13,46408142,0,0.009039745
4,108234733,0,0.005009336
4,22119257,0,0.0041637206
4,96435864,0,0.008031626
4,49514532,0,0.0005495162
4,64134792,0,0.0010886755
4,135108597,0,0.0041648634
4,74030619,0,0.028636947
4,76651551,0,0.20779116
4,49316752,0,0.0012670544
4,137043787,0,0.00046420994
4,158438185,0,0.0032198585
4,66024874,0,0.0053251064
4,49168165,0,0.00639699
4,136358615,0,0.00092295243
4,2482100,0,0.03263456
9,31119772,0,0.00084389263
9,92076611,0,0.01159194
9,130440204,0,0.043057226
9,14705146,0,0.04445773
9,76216777,0,0.0011322567
9,92855977,0,0.00647
9,5200528,0,0.011121027
9,136974246,0,0.008131705
9,35880005,0,0.042340696
9,140950465,0,0.0144594945
9,126477459,0,0.011778881
9,5281822,0,0.00928271
9,14141901,0,0.0033007697
9,18966872,0,0.017236855
9,66765768,0,0.008420467
3,104985078,0,0.0072084055
3,137160213,0,0.008110119
3,162527331,0,0.012423768
3,167638206,0,0.009273191
3,9160375,0,0.0017998171
3,115881615,0,0.0030776265
3,132737794,0,0.0032587072
3,45790098,0,0.06148406
3,105414719,0,0.2898616
3,58083446,0,0.07159687
3,187864016,0,0.005023657
3,162342117,0,0.0010822451
3,117535454,0,0.0014280274
3,137135518,0,0.009265278
3,102347822,0,0.003500508
2,52996865,0,0.0034221965
2,27705437,0,0.43555447
2,92071588,0,0.025596593
2,161359167,0,0.0020524277
2,105803396,0,0.0058375914
2,219538019,0,0.31827828
2,144380542,0,0.0023955114
2,3921908,0,0.0014778852
2,190954851,0,0.0195945
2,74426834,0,0.20390666
2,97828421,0,0.012708174
2,221516111,0,0.0034455406
2,163367990,0,0.0015774261
2,200043537,0,0.0091415355
2,208992374,0,0.019746002
10,111004766,0,0.0014078986
10,29016274,0,0.006538924
10,64879229,0,0.055531453
10,26991604,0,0.21040738
10,64543441,0,0.04237436
10,114600396,0,0.011926272
10,17694605,0,0.16753305
10,130350385,0,0.001102515
10,95512810,0,0.003425239
10,126404141,0,0.047600225
10,113090339,0,0.0019624254
10,110007969,0,0.0029064985
10,133912469,0,0.054943703
10,116658106,0,0.012205763
10,107254866,0,0.0009999784
5,157601804,0,0.0038596694
5,6053648,0,0.0014639838
5,84198262,0,0.0021183135
5,1522735,0,0.15554179
5,18986236,0,0.0014061835
5,79829568,0,0.012043738
5,134843646,0,0.014642911
5,80675353,0,0.014074256
5,173282904,0,0.021133387
5,100389652,0,0.006464797
5,117874606,0,0.0030291795
5,67713798,0,0.0070540057
5,93936862,0,0.11812443
5,123182944,0,0.0012740848
5,133934927,0,0.09562936
17,2955613,0,0.0072776484
17,27912162,0,0.34980473
17,18092527,0,0.23470667
17,13932328,0,0.034581807
17,36501038,0,0.04376971
17,79909478,0,0.13216786
17,22238948,0,0.002554296
17,8652449,0,0.108978614
17,74359513,0,0.0104251
17,54080287,0,0.015033051
17,49542004,0,0.0045586964
17,36669715,0,0.018955816
17,20930283,0,0.0816405
17,4187725,0,0.15452135
17,27378104,0,0.12566723
19,30302546,0,0.48180076
19,44454816,0,0.0105872145
19,55289109,0,0.01820874
19,38450499,0,0.48441374
19,49077667,0,0.05420535
19,46470434,0,0.14206922
19,23562496,0,0.01758282
19,38465153,0,0.037040647
19,40390959,0,0.00941669
19,57507540,0,0.005375303
19,18311676,0,0.30861664
19,10633598,0,0.021370977
19,41516182,0,0.03798425
19,54571712,0,0.010705685
19,38369853,0,0.002287022
7,97931077,0,0.094079584
7,66309223,0,0.24822316
7,132733502,0,0.045603443
7,122539762,0,0.0014073999
7,128346546,0,0.009708009
7,38736185,0,0.003134155
7,1238589,0,0.004329331
7,115673139,0,0.0035893468
7,84333946,0,0.00799038
7,152005363,0,0.040613454
7,49108325,0,0.0016609376
7,144548312,0,0.0020948153
7,50137849,0,0.0047171335
7,127796539,0,0.036314234
7,7847784,0,0.019694677
15,40610886,0,0.08761481
15,94483341,0,0.0019344396
15,63554824,0,0.03600268
15,21904789,0,0.004107364
15,39410177,0,0.010225276
15,25030374,0,0.0007668472
15,43594900,0,0.14803857
15,84893842,0,0.007840406
15,29099594,0,0.053429637
15,100141715,0,0.018973729
15,98197159,0,0.0027181867
15,71294225,0,0.025181927
15,31248183,0,0.07589871
15,84012545,0,0.021581627
15,21223815,0,0.0071542757
21,20482001,0,0.00031681216
21,44049192,0,0.0064287577
21,18930413,0,0.011004563
21,15168823,0,0.001594077
21,10184169,0,0.0077066263
21,19241195,0,0.0032943524
21,37484045,0,0.026174646
21,14522678,0,0.0017324571
21,15159724,0,0.0022607644
21,14456614,0,0.0018497928
8,51914146,0,0.0031412796
8,120999568,0,0.015018083
8,54258246,0,0.005882778
8,54247100,0,0.008316458
8,17185285,0,0.10723746
8,72844334,0,0.015353761
8,121004664,0,0.0111251455
8,38383388,0,0.014466793
8,33665877,0,0.00084424246
8,120527129,0,0.0155666135
8,143985583,0,0.013809306
8,84641559,0,0.00386895
8,140476608,0,0.0012968285
8,106307587,0,0.0015780277
8,5832546,0,0.00745802
6,139030876,0,0.0073014093
6,104352616,0,0.0010950645
6,110741922,0,0.013593897
6,165906169,0,0.0024888467
6,5474896,0,0.003756627
6,70325727,0,0.011032551
6,145280036,0,0.07159963
6,32509240,0,0.012056085
6,37789028,0,0.13986056
6,139808031,0,0.0032654528
6,165345900,0,0.0015787707
6,52204300,0,0.0022106636
6,122246808,0,0.0060905674
6,122668790,0,0.0034352706
10,110778946,0,0.0067491755
10,97043748,0,0.06549151
10,46018523,0,0.03885108
10,111552967,0,0.014405398
10,69640767,0,0.046136174
10,61497406,0,0.007227349
10,5297321,0,0.009440408
10,127255208,0,0.003824287
10,133236032,0,0.0008428334
10,56659879,0,0.0039221193
10,83933430,0,0.0003946157
10,10608537,0,0.005369575
10,93818353,0,0.058676884
10,55731962,0,0.0036700899
10,57577710,0,0.0010594467
1,235327523,0,0.2098107
1,163343904,0,0.0031645678
1,18685987,0,0.0027343235
1,187586094,0,0.0037901339
1,155153537,0,0.3073905
1,33935287,0,0.048212003
1,82236284,0,0.011153949
1,116736002,0,0.007123799
1,7513294,0,0.015921291
1,4534321,0,0.0010582227
1,220993464,0,0.008480639
1,17967086,0,0.2578798
1,120303322,0,0.08462092
1,79451015,0,0.0114055155
1,219178774,0,0.0049759406
14,68199628,0,0.06047381
14,65902640,0,0.07763461
14,95502894,0,0.0014201562
14,93806787,0,0.05852556
14,28842599,0,0.0007818301
14,51447388,0,0.056908805
14,35624108,0,0.054941896
14,53543534,0,0.09354977
14,55350089,0,0.03707079
14,55628126,0,0.03529081
14,79172386,0,0.0016578386
14,72448377,0,0.008345191
14,42719803,0,0.0016794588
14,70589401,0,0.013076434
14,47238940,0,0.013007787
2,221384734,0,0.0014709522
2,123633681,0,0.0024359643
2,225521569,0,0.0115700355
2,197726559,0,0.047345504
2,216213617,0,0.26095006
2,240199679,0,0.017213905
2,65744819,0,0.0077272095
2,50768941,0,0.0036235615
2,72875404,0,0.009720514
2,124302539,0,0.0012716575
2,132730277,0,0.003223336
2,89148480,0,0.017417464
2,212136597,0,0.0014184254
2,89261548,0,0.0076097683
16,9896937,0,0.008005637
16,77150144,0,0.024431556
16,60872777,0,0.0020094116
16,78724797,0,0.0041796826
16,82958442,0,0.0026913532
16,50166380,0,0.04885317
16,9937268,0,0.00586297
16,1131514,0,0.009731687
16,52902000,0,0.01003909
16,55005873,0,0.0031694903
16,85879864,0,0.031194387
16,9078134,0,0.0045174244
16,49734106,0,0.008945206
16,11477068,0,0.05390803
16,71634604,0,0.058352888
16,25275593,0,0.058739066
16,29643860,0,0.06147578
16,87316934,0,0.031982414
16,83099300,0,0.0116515
16,78033815,0,0.0059071365
16,7012874,0,0.0008783503
16,13143232,0,0.0039377124
16,8935970,0,0.25487256
16,78136414,0,0.024036132
16,81242689,0,0.042433284
16,75799386,0,0.07882342
16,491188,0,0.052906983
16,66053287,0,0.014548179
16,74710254,0,0.09096433
16,9330892,0,0.0056074276
21,18929599,0,0.013289359
21,37615666,0,0.021804063
21,10176914,0,0.0014025818
21,47728158,0,0.14706187
21,29465110,0,0.014456701
21,24454195,0,0.0022682596
21,37344647,0,0.029949453
21,30115874,0,0.0019639342
21,41222594,0,0.00082012126
21,37095250,0,0.012108243
21,42507064,0,0.0038410292
21,9462381,0,0.002857224
21,31086816,0,0.0028719257
21,36292500,0,0.009128268
21,41277269,0,0.0042144633
4,168265065,0,0.0028186254
22,51151631,0,0.03617599
22,34789962,0,0.0009760648
22,24340243,0,0.021186326
22,27437303,0,0.031080442
22,20334293,0,0.0025164592
3,162909668,0,0.0035975797
22,45451055,0,0.005696593
22,29032992,0,0.036995057
22,46446758,0,0.24583979
22,33261808,0,0.010271991
22,36602779,0,0.030488264
17,31110983,0,0.011059104
17,76165349,0,0.19508356
17,14448498,0,0.0026179128
17,1917302,0,0.03512454
17,68606605,0,0.001443762
17,78012850,0,0.043627806
17,12993369,0,0.0048282733
17,9525892,0,0.036868256
17,228677,0,0.0059298663
17,16399059,0,0.04156806
17,30224419,0,0.41801682
17,5836063,0,0.004446857
17,15331958,0,0.020514643
17,49461645,0,0.005068054
17,33761427,0,0.023747673
4,33395926,0,0.002065194
4,5456927,0,0.0075114663
4,190943314,0,0.0041630007
4,49095348,0,0.00012344647
4,14490617,0,0.0069459327
4,163380483,0,0.0040763705
4,66455747,0,0.001113837
4,132477372,0,0.004632934
4,4381931,0,0.03317739
4,142963669,0,0.01094818
4,108812464,0,0.10291485
4,94445938,0,0.0029843282
4,155596978,0,0.014616281
4,31142938,0,0.0018698768
4,10222210,0,0.0054029776
22,46874738,0,0.017309396
22,39172286,0,0.009037132
22,49051301,0,0.0053815627
22,41476103,0,0.09343552
22,33588224,0,0.008812609
22,50278642,0,0.18146501
22,27261577,0,0.019912831
9,42753288,0,0.0041928543
22,24254113,0,0.1543588
22,49379534,0,0.0013114017
22,21295797,0,0.025411667
22,42230349,0,0.21404494
22,26766607,0,0.1794584
22,45171729,0,0.010985409
15,65771121,0,0.28443387
15,27174184,0,0.0013215005
15,47718652,0,0.0022819256
15,91591404,0,0.003621737
15,67655973,0,0.024773419
15,88813977,0,0.006749975
15,98563790,0,0.005675688
15,61276300,0,0.010425322
15,37713464,0,0.0013136719
15,57863465,0,0.19363748
15,31290374,0,0.06691678
15,86743781,0,0.0043275678
15,84303534,0,0.014562433
6,113057499,0,0.004309191
6,103464727,0,0.0008888765
6,39380678,0,0.010170935
6,39646385,0,0.0015218765
6,82445536,0,0.047996666
6,101351269,0,0.01779632
6,64018160,0,0.023067215
6,160460860,0,0.109790154
6,19724536,0,0.0033515873
6,45065666,0,0.009179042
6,113774525,0,0.0026032915
6,23588638,0,0.002548441
6,54239666,0,0.003426854
6,50468901,0,0.00064764486
6,20212786,0,0.77493757
17,19845769,0,0.115903385
17,38591163,0,0.09722606
17,25436672,0,0.0050372747
17,43651920,0,0.47439957
17,67369855,0,0.020896388
17,2697769,0,0.07584354
17,80532532,0,0.2521349
17,193715,0,0.0030431862
17,55221729,0,0.014854903
17,30892951,0,0.026693977
17,76656678,0,0.009121465
17,40215978,0,0.7294904
17,5313522,0,0.23314135
17,45593874,0,0.040329315
17,30083146,0,0.015499726
7,79887492,0,0.004643318
7,50758018,0,0.0052289134
7,39476342,0,0.008247963
7,54564877,0,0.0011052486
7,64542442,0,0.17983313
7,142173233,0,0.024258094
7,89380612,0,0.0018414265
7,25273676,0,0.0074782195
7,142042211,0,0.017459262
7,89155306,0,0.0067541096
7,5062735,0,0.051028576
7,104464448,0,0.025397088
7,117719876,0,0.008832185
7,118027351,0,0.0039626164
7,95806183,0,0.14735465
19,33749710,0,0.011158204
19,1947212,0,0.06519741
19,16246658,0,0.03023126
19,54882031,0,0.19709146
19,47085885,0,0.016701022
19,17372146,0,0.05653364
19,51967075,0,0.0579244
19,8938247,0,0.16081162
19,40080457,0,0.005108421
19,15774605,0,0.0039762165
19,20901741,0,0.0049610306
19,20754987,0,0.0321243
19,34982559,0,0.46618605
19,616701,0,0.0068053943
19,6399205,0,0.054952443
10,26268233,0,0.0051635043
10,51869792,0,0.0037213056
10,119156858,0,0.009928194
10,131717202,0,0.0063408203
10,34893160,0,0.016127454
10,4270880,0,0.00355625
10,7936023,0,0.011241944
10,104790590,0,0.015305434
10,105627638,0,0.048232254
10,81343008,0,0.0023825897
10,60707065,0,0.0022523466
10,105990744,0,0.039138302
10,102131468,0,0.03274821
10,96096956,0,0.12777172
10,104382747,0,0.030251857
1,43523801,0,0.0023547101
1,14854833,0,0.007943832
1,79332263,0,0.0019332469
1,147566520,0,0.003586483
1,100432001,0,0.050483897
1,176159062,0,0.024851767
1,34029349,0,0.011970517
1,30264979,0,0.010357096
1,147247311,0,0.0061762026
1,196322771,0,0.016761536
1,28830158,0,0.23008242
1,210608917,0,0.010876858
1,109595380,0,0.12283432
1,3508320,0,0.030186165
1,31586431,0,0.06946719
6,34733746,0,0.3917325
6,45063284,0,0.025930004
6,18330428,0,0.045590155
6,54219290,0,0.0037384203
6,32527013,0,0.16106597
6,56071495,0,0.0020619328
6,41096303,0,0.017822301
6,35936390,0,0.0060949503
6,85078121,0,0.022063227
6,2170437,0,0.006779479
6,105992902,0,0.006750765
6,36483295,0,0.15779127
6,120119626,0,0.0031691229
6,169564716,0,0.08040049
6,75223443,0,0.008918807
12,5956737,0,0.004152088
12,630239,0,0.07480703
12,9803358,0,0.5793407
12,110737945,0,0.07821559
12,4334870,0,0.0019391322
12,121366051,0,0.008771875
12,9966000,0,0.07480883
12,115233127,0,0.0017141985
12,12036210,0,0.006139082
12,19618962,0,0.08621774
12,97666946,0,0.008336126
12,130123138,0,0.0009533546
12,111165059,0,0.60587853
12,106584464,0,0.012161454
12,81048472,0,0.015993537
17,10389605,0,0.011846639
17,33898897,0,0.39367235
17,21099745,0,0.15260299
17,36720597,0,0.026275385
17,53185212,0,0.052524377
17,61123686,0,0.014765179
17,47067826,0,0.022296218
17,40001119,0,0.15012945
17,4423541,0,0.003942114
17,25292848,0,0.0035246825
17,2085475,0,0.067670055
17,55774504,0,0.00808126
17,50403284,0,0.016015947
17,37023896,0,0.543733
17,70741481,0,0.027995145
8,17280896,0,0.0074904896
8,70850244,0,0.090201505
8,116791003,0,0.0012129736
8,46845324,0,0.00022785921
8,76451364,0,0.00094914425
8,15671279,0,0.0006855724
8,80585338,0,0.008928773
8,56879865,0,0.04100497
8,26615029,0,0.019653274
8,82596686,0,0.023846526
8,7883798,0,0.012123081
8,12178633,0,0.007593804
8,90092545,0,0.0030804325
8,102606269,0,0.016819451
8,134222625,0,0.0052742646
6,64366718,0,0.016702104
6,169370315,0,0.004902962
6,16190886,0,0.0065347594
6,111984315,0,0.06577742
6,51445470,0,0.0018762685
6,31510935,0,0.20112535
6,170056139,0,0.6185027
6,69225856,0,0.001380448
6,156062177,0,0.0015871208
6,29140760,0,0.006931157
6,105518467,0,0.04664911
6,55433652,0,0.00086234807
6,29954611,0,0.0610442
6,130920116,0,0.011496038
6,30455886,0,0.093894035
16,10501872,0,0.1372803
16,89311002,0,0.07442436
16,52232106,0,0.009941148
16,1890373,0,0.38633206
16,85766047,0,0.02501769
16,80966844,0,0.18127005
16,84946659,0,0.020614538
16,3946708,0,0.009140806
16,27810548,0,0.05014005
16,1881660,0,0.59176093
16,52235429,0,0.0009919425
16,4977813,0,0.034355003
16,57018245,0,0.041319426
16,84682398,0,0.09125205
3,79557927,0,0.0013915647
3,28464560,0,0.024353223
3,43974179,0,0.0043929014
3,90202067,0,0.00057828624
3,121353291,0,0.11140641
3,10315024,0,0.17868307
3,123711107,0,0.12005665
3,60397974,0,0.0053971033
3,29493019,0,0.0033377986
3,84833954,0,0.0011181271
3,127584918,0,0.13025849
3,95799359,0,0.0028398146
3,10038706,0,0.49347883
3,59406874,0,0.0022142932
3,144801817,0,0.0085077025
17,44212211,0,0.040205766
17,31860337,0,0.0075843153
17,69902413,0,0.0031747615
17,31086433,0,0.2142466
17,12673763,0,0.005630546
17,44078832,0,0.1266961
17,44220863,0,0.010582864
17,44276578,0,0.16365476
17,43746276,0,0.06998357
17,5849357,0,0.040574577
17,77273384,0,0.005752839
17,43895653,0,0.059585802
17,63862381,0,0.015640875
17,156101,0,0.0064333403
17,43780561,0,0.006397601
2,155656779,0,0.0010861757
2,159623716,0,0.00868684
2,112252202,0,0.035566736
2,63822971,0,0.36289027
2,128147787,0,0.07327356
2,85710813,0,0.005028731
2,200736326,0,0.06297838
2,196244834,0,0.014378383
2,9135750,0,0.056581926
2,88049585,0,0.007568461
2,25758945,0,0.047092564
2,44090677,0,0.015512465
2,3060035,0,0.003030368
2,210815197,0,0.12896672
2,25043813,0,0.36502442
15,27155744,0,0.0013171247
15,102022756,0,0.010990955
15,69990096,0,0.004177917
15,56722596,0,0.5323974
15,100046142,0,0.008822043
15,99041051,0,0.0024502326
15,57116914,0,0.023575136
15,49387513,0,0.021455532
15,79686329,0,0.0049212542
15,88190134,0,0.0011609509
15,39623576,0,0.011228149
15,88910374,0,0.0038763962
15,73687693,0,0.0053424397
15,20884530,0,0.010680599
15,96075058,0,0.0029623979
14,59096240,0,0.08815136
14,25551670,0,0.0020522713
14,92656360,0,0.0118541485
14,20184831,0,0.0023403738
14,95168832,0,0.0051342207
14,20868656,0,0.028621638
14,32708393,0,0.014887974
14,95440027,0,0.01572104
14,24564123,0,0.28647357
14,28214550,0,0.001550424
14,97706690,0,0.004685188
14,83399534,0,0.003050804
14,19088754,0,0.0019270208
14,73598402,0,0.19766513
14,27053087,0,0.0012515831
12,22884537,0,0.007906637
12,8132861,0,0.0031032634
12,66581362,0,0.018585002
12,114652949,0,0.015195755
12,77124875,0,0.00523123
12,108938750,0,0.15132427
12,87774681,0,0.0057336325
12,129955359,0,0.001613854
12,125042872,0,0.018208332
12,63732243,0,0.0035476594
12,10591281,0,0.008219264
12,67578366,0,0.0037422604
12,61470728,0,0.012852502
12,42019846,0,0.0015192559
12,55855534,0,0.020923829
11,49909456,0,0.0068727126
11,78722682,0,0.013026608
11,43559293,0,0.014184309
11,48413823,0,0.0055120755
11,17838760,0,0.01830705
11,5091576,0,0.001111132
11,89732286,0,0.0075872806
11,50524009,0,0.01640711
11,40751709,0,0.0026461368
11,102797829,0,0.0069639175
11,16329549,0,0.0031555796
11,54825146,0,0.008095749
11,119825798,0,0.016423186
11,5833707,0,0.04370676
11,32651481,0,0.080343254
12,22852605,0,0.01319889
12,99515454,0,0.0057611726
12,114123227,0,0.010750238
12,63927023,0,0.003252748
12,13590359,0,0.0050913547
12,128526777,0,0.0012369086
12,131318686,0,0.06842229
12,39377966,0,0.00724211
12,45091591,0,0.006075996
12,34310485,0,0.010371877
12,24797578,0,0.006294398
12,67694079,0,0.30925193
12,83722693,0,0.0073239785
12,69516986,0,0.0048033088
12,131223550,0,0.016541203
10,96774255,0,0.0073197572
10,15005965,0,0.13751586
10,120541197,0,0.004024599
10,68908982,0,0.004418064
10,30198318,0,0.020026274
10,21220491,0,0.0018141356
10,74218658,0,0.026403282
10,101363413,0,0.24527475
10,26821706,0,0.011353607
10,3157109,0,0.18255772
10,27873025,0,0.007150998
10,67162937,0,0.0008710743
10,99531747,0,0.05592397
10,16139254,0,0.0015484205
10,121770924,0,0.01987127
1,29098386,0,0.030666757
1,157007821,0,0.025050778
1,222506952,0,0.0024772615
1,213440178,0,0.13395703
1,199667781,0,0.012630111
1,45898737,0,0.027709996
1,191019335,0,0.0013652925
1,64268905,0,0.009919091
1,54919783,0,0.0037516267
1,236845977,0,0.017307732
1,195270684,0,0.0015532989
1,2076241,0,0.08387126
1,93315008,0,0.10871143
1,5767102,0,0.0014561052
1,195803659,0,0.004171268
11,57355654,0,0.20333678
11,108910558,0,0.007836862
11,16618307,0,0.024175022
11,117353003,0,0.0127101485
11,111766568,0,0.01285804
11,125794128,0,0.36043403
11,4498318,0,0.020136455
11,103989892,0,0.0013374602
11,27533901,0,0.21114923
11,134704892,0,0.004800447
11,36371757,0,0.0031966148
11,122258537,0,0.0034857872
11,39694252,0,0.0025902253
11,116389017,0,0.011737396
11,116439615,0,0.009023084
5,40112581,0,0.00592327
5,147247443,0,0.012994993
5,5669332,0,0.0026382143
5,9539938,0,0.005431408
5,151876462,0,0.0023164272
5,90368596,0,0.008609001
5,51827994,0,0.0035177493
5,53810182,0,0.01569889
5,4085377,0,0.00078109256
5,173894420,0,0.0045481515
5,73678384,0,0.004342083
5,135294899,0,0.027732411
5,40470163,0,0.018425573
5,73366839,0,0.0028447125
17,61941284,0,0.05081475
17,41317432,0,0.6265347
17,30181374,0,0.18703315
17,39469025,0,0.08607044
17,21336221,0,0.0065152273
17,25292357,0,0.0039681382
17,1160633,0,0.01681892
17,74834090,0,0.004770244
17,59544863,0,0.011279142
17,79493307,0,0.04394048
17,51938916,0,0.0014862884
17,7336610,0,0.033461638
17,9648491,0,0.029723324
17,15744881,0,0.02713593
17,41588854,0,0.18195131
1,66949842,0,0.007660885
1,95105260,0,0.0019341304
1,236495942,0,0.007455349
1,68016223,0,0.037910815
1,166308210,0,0.0027318853
1,175420263,0,0.0039667403
1,33916601,0,0.042694446
1,178709966,0,0.07482835
1,68027906,0,0.05001561
1,2913299,0,0.019395256
1,160826687,0,0.012094608
1,44244183,0,0.04997997
1,246883446,0,0.017479805
1,220285897,0,0.16537593
7,86043895,0,0.003744063
7,82491882,0,0.01976103
7,70685310,0,0.0013982981
7,93209964,0,0.014117888
7,24709247,0,0.17208259
7,23688597,0,0.024884488
7,63132352,0,0.0023755208
7,6843577,0,0.09721353
7,46598474,0,0.003959571
7,142565743,0,0.033723094
7,26712415,0,0.06778701
7,104027132,0,0.0022612584
7,150580651,0,0.016915025
7,32247925,0,0.008774583
7,26349132,0,0.022270441
10,12914485,0,0.0037945295
10,1945103,0,0.0016985872
10,125645801,0,0.005973386
10,94040444,0,0.04950587
10,121994638,0,0.0031731927
10,129127446,0,0.014201937
10,11343872,0,0.052482735
10,88787585,0,0.019179074
10,130322483,0,0.0015447763
10,131200443,0,0.0011402915
10,129487453,0,0.00201933
10,2775427,0,0.0010261328
10,88919892,0,0.025940068
10,126192509,0,0.028387219
7,26100010,0,0.005901295
7,11360573,0,0.014737627
7,43730671,0,0.061871402
7,36635577,0,0.048157245
7,4286966,0,0.005378455
7,117248,0,0.008427785
7,153285674,0,0.00078712084
7,51604617,0,0.0055139707
7,108814430,0,0.0023375356
7,67760862,0,0.0018173957
7,123679243,0,0.005871982
7,122791440,0,0.0032664526
7,130493672,0,0.013001165
7,13670749,0,0.0012083771
7,30479002,0,0.2793325
2,219188428,0,0.278879
2,206071402,0,0.011603771
2,1868696,0,0.011042183
2,239329415,0,0.054172095
2,225228660,0,0.005874883
2,173199195,0,0.006610293
2,70182805,0,0.09526958
2,44169851,0,0.06688486
2,238962711,0,0.010250808
2,237061143,0,0.02601991
2,3373690,0,0.040706247
2,45990193,0,0.16572918
2,26006922,0,0.04032566
2,129694117,0,0.006887997
2,125464595,0,0.002336965
5,23870819,0,0.00071166357
5,80447626,0,0.02132103
5,34043893,0,0.013396511
5,84167722,0,0.0012224383
5,25611482,0,0.001283781
5,23751395,0,0.0016286125
5,52558488,0,0.02152359
5,179578005,0,0.0053088646
5,52243059,0,0.1501121
5,74943933,0,0.0462713
5,34689845,0,0.026814662
5,163296687,0,0.0010511837
5,90576958,0,0.09407809
5,165660976,0,0.001390299
5,122943249,0,0.12707977
6,168240285,0,0.074324206
6,81721019,0,0.0066220453
6,72998587,0,0.008165353
6,32488369,0,0.04589061
6,91167194,0,0.009407363
6,153798882,0,0.0018798027
6,163595907,0,0.0026088792
6,2869600,0,0.027662208
6,124612391,0,0.0018879062
6,151631197,0,0.020570979
6,32446052,0,0.03225441
6,29884815,0,0.0583086
6,141939496,0,0.006716859
6,118394145,0,0.0072119725
6,8452167,0,0.023202637
1,172012761,0,0.036336344
1,177440159,0,0.008081118
1,158250345,0,0.054661583
1,41386468,0,0.0068418854
1,61954169,0,0.0030575492
1,201547094,0,0.0068740733
1,203237447,0,0.080027774
1,215862940,0,0.0044120923
1,103665425,0,0.0034895523
1,183276442,0,0.013104024
1,48450899,0,0.0037441947
1,245409227,0,0.0055904337
1,188038555,0,0.0010527261
1,17819121,0,0.010745609
1,80830221,0,0.0012308494
14,32868062,0,0.004941112
14,58560475,0,0.033479594
14,69302399,0,0.027600551
14,79493293,0,0.0011056192
14,93117443,0,0.2810423
14,22263465,0,0.015319649
14,87809096,0,0.00056286383
14,26955902,0,0.011698444
14,31140202,0,0.101550974
14,28956316,0,0.0010821188
14,32666029,0,0.15342106
14,25043068,0,0.03713703
14,49051094,0,0.0029607604
14,29098873,0,0.0007033805
14,28838034,0,0.0011322966
1,57016967,0,0.01643539
1,210096881,0,0.01073175
1,241458584,0,0.0034962296
1,157066673,0,0.06044093
1,147871330,0,0.0017118548
1,118504,0,0.008269146
1,212313498,0,0.001786397
1,179302532,0,0.059153818
1,246400346,0,0.022549104
1,44279573,0,0.10435256
1,31117158,0,0.011484989
1,15048286,0,0.0026849029
1,19773880,0,0.032247517
1,77278218,0,0.002339911
1,67280261,0,0.03309159
3,74325731,0,0.0033715835
3,197830235,0,0.021819241
3,117780703,0,0.0009815234
3,137947991,0,0.06034531
3,30496040,0,0.007535093
3,144506689,0,0.0015821552
3,183351877,0,0.026620092
3,169542490,0,0.1153039
3,34664145,0,0.0015041993
3,81518413,0,0.0037568912
3,38363631,0,0.010317211
3,170909103,0,0.015725046
3,38358509,0,0.06407936
3,48068124,0,0.014787005
3,103495154,0,0.0010256657
8,17344408,0,0.01623156
8,55417272,0,0.003019001
8,34844919,0,0.0012566815
8,126283502,0,0.009185306
8,4244993,0,0.0022369588
8,59813429,0,0.0063205673
8,134080163,0,0.087727904
8,69479966,0,0.0016830307
8,62284475,0,0.0142284045
8,13027092,0,0.0027799744
8,123946041,0,0.026377998
8,97229679,0,0.011875851
8,60921457,0,0.0073981904
8,17302705,0,0.0017065632
1,40472605,0,0.017582975
1,245607504,0,0.008096538
1,38249768,0,0.29930738
1,63707557,0,0.0035161497
1,69081719,0,0.0049957717
1,65940689,0,0.011767503
1,49164688,0,0.013215767
1,111894729,0,0.026120214
1,88996249,0,0.006899256
1,176965397,0,0.012828001
1,32442406,0,0.061904393
1,186747740,0,0.008596419
1,173885275,0,0.102496274
1,168400881,0,0.0018185603
9,132203609,0,0.013029281
9,45729128,0,0.07007603
9,68388372,0,0.0023987875
9,29412391,0,0.0013627983
9,69336615,0,0.003920311
9,106378468,0,0.0004168925
9,70987196,0,0.026380956
9,35562549,0,0.4138944
9,41886382,0,0.0036779917
9,8257480,0,0.0035611857
9,66597639,0,0.0057631363
9,121308996,0,0.003510544
9,39031582,0,0.0023152637
9,38331844,0,0.0065317294
9,39024799,0,0.004406066
6,47383237,0,0.03876346
6,64208174,0,0.024300104
6,124329496,0,0.0013967841
6,15819732,0,0.014690522
6,3402843,0,0.019115573
6,4464320,0,0.024914732
6,76967568,0,0.0033976051
6,149998283,0,0.2431179
6,1856960,0,0.056641437
6,30359402,0,0.030248947
6,57533388,0,0.0012778412
6,168284571,0,0.12116717
6,11050523,0,0.018320601
6,895246,0,0.0097059775
6,20355005,0,0.0026764404
4,90017465,0,0.0075929314
4,60460243,0,0.0005792909
4,59679476,0,0.0016660176
4,44570523,0,0.0006747092
4,117742601,0,0.0020444102
4,25541074,0,0.0048480295
4,60920684,0,0.0011590464
4,70908484,0,0.0012780238
4,175900327,0,0.0015081125
4,93203247,0,0.004849753
4,168753643,0,0.0017512669
4,104595854,0,0.0012885378
4,45855099,0,0.0024090882
4,148635643,0,0.024318071
4,17884387,0,0.009187449
6,164448951,0,0.0011728236
6,32679047,0,0.018319156
6,31446200,0,0.11464227
6,21379505,0,0.008146961
6,158089554,0,0.0063662725
6,170638215,0,0.24995798
6,111014135,0,0.12763664
6,129924132,0,0.009795031
6,83093852,0,0.037418097
6,44107798,0,0.14145449
6,11648984,0,0.011909184
6,33067281,0,0.048076592
6,118281878,0,0.0057510403
6,114562296,0,0.0014440095
6,103570687,0,0.00090415386
19,22664872,0,0.006537291
19,461580,0,0.03761678
19,45395909,0,0.24820614
19,17671382,0,0.16962402
19,28079812,0,0.0010147624
19,57384981,0,0.0148636
19,56075318,0,0.009034775
19,30963944,0,0.0035243526
19,16367263,0,0.0057289754
19,351608,0,0.011092615
19,6391466,0,0.24832588
19,20957409,0,0.004086284
19,7884307,0,0.22931743
19,2713085,0,0.06947479
5,69345281,0,0.06409381
5,170458443,0,0.006319243
5,150487944,0,0.17134055
5,61012152,0,0.020102227
5,60882602,0,0.0019625253
5,75707018,0,0.011456018
5,8153675,0,0.0012513156
5,7372799,0,0.007450273
5,59609217,0,0.012717115
5,126723724,0,0.014680993
5,20884166,0,0.0029152136
5,105980770,0,0.008156182
5,25834884,0,0.000821632
5,104582154,0,0.0009570851
5,116686838,0,0.0019477385
5,103644628,0,0.0051871184
5,36651658,0,0.0107539045
5,142833368,0,0.022341581
5,50547454,0,0.007269278
5,18377024,0,0.006922538
5,162988523,0,0.003882641
5,18700277,0,0.015945235
5,152033864,0,0.0063673444
5,45220992,0,0.00080031616
5,80299037,0,0.005763464
5,171958672,0,0.015727991
5,150745422,0,0.015043372
5,113005347,0,0.005186349
5,42340524,0,0.013296227
5,96222777,0,0.022730825
6,111585827,0,0.27618507
6,81833262,0,0.005326189
6,109591208,0,0.13380541
6,29907740,0,0.24987695
6,68719452,0,0.0027140796
6,158866187,0,0.032191645
6,10914971,0,0.012389386
6,150014747,0,0.13344885
6,145089393,0,0.009000388
6,119535275,0,0.055974055
6,92680760,0,0.002129445
6,74521194,0,0.051998556
6,97142000,0,0.0030847213
6,169486046,0,0.0009576405
6,64617900,0,0.005010291
6,13185699,0,0.013178955
6,27239426,0,0.014830186
6,68719442,0,0.0024747613
6,10765765,0,0.12057194
6,71800118,0,0.0105796885
6,25544873,0,0.037810754
6,34365371,0,0.0025404575
6,153725718,0,0.0013039899
6,150579419,0,0.11429004
6,48046853,0,0.006418149
6,114687009,0,0.0041900915
6,159629876,0,0.012290837
6,1252350,0,0.003800479
6,10660626,0,0.075177595
6,151855743,0,0.011472484
14,69636488,0,0.035533775
14,24458709,0,0.21194725
14,19443262,0,0.0011408792
14,26747371,0,0.003156322
14,22944943,0,0.019841583
14,62039726,0,0.077955
14,47839452,0,0.001454702
14,39017004,0,0.0017346918
14,45580577,0,0.398216
14,22798084,0,0.024538113
14,65324312,0,0.021194577
14,61355294,0,0.014161144
14,93634126,0,0.018862346
14,104284014,0,0.010388971
14,22879112,0,0.0068788957
2,83418,0,0.0034998527
2,95456584,0,0.029991187
2,204171579,0,0.14107202
2,137635596,0,0.0038694772
2,68355137,0,0.35458818
2,56379262,0,0.0071017626
2,221492271,0,0.0028729339
2,74346474,0,0.5187103
2,227908007,0,0.011197607
2,100737891,0,0.022451693
2,132929544,0,0.007912134
2,109167051,0,0.01819777
2,5875620,0,0.0011190759
2,118848621,0,0.22995874
2,130905644,0,0.038192883
5,34631106,0,0.0052909465
5,37565776,0,0.013086362
5,2272076,0,0.0010470668
5,105422725,0,0.0011420535
5,31136051,0,0.0030978457
5,140479622,0,0.12672731
5,42820060,0,0.15917332
5,3767600,0,0.001730409
5,150298115,0,0.078569666
5,51647364,0,0.0010429726
5,161139621,0,0.0033301613
5,46314301,0,0.001391142
5,147563872,0,0.0061311466
5,107384901,0,0.03528408
5,108024967,0,0.022813577
11,77743749,0,0.04087747
11,126075219,0,0.24152495
11,64963175,0,0.21507296
11,103539446,0,0.0050362884
11,117987503,0,0.031217067
11,99869804,0,0.014935135
11,61202225,0,0.13158806
11,71355461,0,0.003018628
11,103530242,0,0.048940655
11,124024499,0,0.054240055
11,111179749,0,0.053735863
11,39654500,0,0.00134503
11,130468096,0,0.0039329277
11,83023375,0,0.024710098
11,27621552,0,0.006608014
12,763687,0,0.025031175
12,81689733,0,0.020772304
12,28638598,0,0.053445492
12,20876694,0,0.010164728
12,41742498,0,0.010867567
12,17330541,0,0.0025612095
12,121359836,0,0.02326709
12,55845415,0,0.017395645
12,27370081,0,0.018644016
12,33263866,0,0.0036423926
12,70319202,0,0.007926171
12,93550429,0,0.0068744244
12,84408463,0,0.011225633
12,68571597,0,0.009773478
12,11204866,0,0.0654825
19,34318841,0,0.019581422
19,2928935,0,0.011747247
19,28976994,0,0.0018461664
19,17384192,0,0.2813951
19,958138,0,0.015291427
19,2271577,0,0.13670556
19,32660740,0,0.0024259572
19,28327214,0,0.0038081175
19,29401695,0,0.0038408758
19,16384315,0,0.00559142
19,43516804,0,0.04079641
19,31183956,0,0.012561718
19,30628476,0,0.0047604023
19,33006876,0,0.014125115
19,15685917,0,0.023910148
19,32921331,0,0.079747744
19,32972531,0,0.23912972
19,2521259,0,0.028792573
19,22124344,0,0.0073652337
19,7488411,0,0.07231694
19,7786178,0,0.020309784
19,31937986,0,0.0019499012
19,21518600,0,0.021040661
19,830621,0,0.04417302
19,4887492,0,0.02433616
19,51510078,0,0.0076829754
19,29316627,0,0.0032934977
19,58206901,0,0.048319228
19,27891101,0,0.00033247555
14,88805096,0,0.014268012
14,73382505,0,0.011192402
14,99649030,0,0.006738125
14,52845085,0,0.00906398
14,51821355,0,0.010676227
14,93472312,0,0.08104344
14,60615625,0,0.18643658
14,98843392,0,0.0008270351
14,106090242,0,0.0037261813
14,62277337,0,0.011809131
14,20955228,0,0.04527578
14,88278271,0,0.0067589544
14,95896304,0,0.05484251
14,76771811,0,0.015907815
14,57152631,0,0.0012925323
1,106048784,0,0.0055475645
1,163778600,0,0.003867289
1,32125943,0,0.30493155
1,195461333,0,0.0024935107
1,68887645,0,0.00868058
1,234059121,0,0.003216122
1,46366760,0,0.022218337
1,191406367,0,0.0008466585
1,168357759,0,0.013851202
1,183584067,0,0.09565502
1,163867628,0,0.003871152
1,66562191,0,0.003755867
1,240304644,0,0.0030575795
1,144834601,0,0.030979678
3,103651132,0,0.003378466
3,9328448,0,0.027854275
3,197118424,0,0.024244888
3,146067445,0,0.012761699
3,192150409,0,0.0009751414
3,63269389,0,0.0134564955
3,137999086,0,0.13720602
3,1257682,0,0.0077520553
3,124996151,0,0.06511065
3,114870785,0,0.00876555
3,15459995,0,0.19328666
3,161768098,0,0.0049242955
3,165596378,0,0.0018898282
3,44919946,0,0.039101988
3,126825494,0,0.026858687
7,34701816,0,0.0028538133
7,964997,0,0.041273113
7,66636725,0,0.07545217
7,9056753,0,0.0044696806
7,19307935,0,0.004853243
7,145796065,0,0.0016142429
7,109983526,0,0.0033071938
7,77865308,0,0.0020024735
7,139320889,0,0.028050303
7,6219379,0,0.06198104
7,9680356,0,0.0006039638
7,8829822,0,0.0017302395
7,28491068,0,0.00658163
7,97190529,0,0.0017761023
7,33675352,0,0.0041640345
15,43997300,0,0.22186054
15,24323616,0,0.0074930075
15,26360387,0,0.00074847613
15,90868145,0,0.019169737
15,26851915,0,0.0024008069
15,93093412,0,0.008317415
15,70087420,0,0.018163295
15,36651507,0,0.0023045372
15,84964730,0,0.003335616
15,95357192,0,0.0015787632
15,28485209,0,0.14390059
15,47676716,0,0.027524272
16,79002418,0,0.0020219004
16,17837546,0,0.006673288
16,25543167,0,0.0012692539
16,65297848,0,0.00084597134
16,70307850,0,0.24696997
16,87893995,0,0.1157865
16,62331200,0,0.0006270733
16,68118041,0,0.2993455
16,87458037,0,0.09733741
16,58474496,0,0.017156268
16,54476530,0,0.005969945
16,3100918,0,0.2821524
16,71402653,0,0.113673195
16,4869199,0,0.3643548
16,53016814,0,0.013826266
3,141438416,0,0.011480286
3,111698638,0,0.29375824
3,73713750,0,0.0017820384
3,65681665,0,0.0030344867
3,19851458,0,0.011116393
3,8833387,0,0.011887014
3,164693357,0,0.0036217046
3,19144377,0,0.02601677
3,11341402,0,0.14688063
3,1342708,0,0.0015242927
3,174256436,0,0.0051523736
3,174227358,0,0.004608723
3,157476908,0,0.0032285126
4,4449752,0,0.029438294
4,184440259,0,0.03847591
4,111650091,0,0.004540414
4,186615116,0,0.007522797
4,77714853,0,0.02599063
4,9982902,0,0.0072203595
4,2321173,0,0.047944542
4,61451994,0,0.00077637954
4,49579090,0,0.0027894394
4,175279223,0,0.03424283
4,1354327,0,0.23899706
4,2690819,0,0.07148474
4,86396828,0,0.031964388
4,36601786,0,0.0037613914
4,182056391,0,0.0007354249
8,88153830,0,0.0013195397
8,144342904,0,0.08108516
8,104272304,0,0.03343998
8,54444147,0,0.0064350255
8,130821094,0,0.016982006
8,139742745,0,0.0015937323
8,86028380,0,0.1918687
8,113704179,0,0.0062949234
8,1310897,0,0.00074287306
8,134749802,0,0.016683774
8,110552692,0,0.6175415
8,15410611,0,0.0017929733
8,143750632,0,0.43575683
8,17783834,0,0.69667995
8,52211352,0,0.014075202
9,74490978,0,0.035701755
9,34498402,0,0.061863054
9,96825128,0,0.007574545
9,138538155,0,0.004070766
9,27859039,0,0.0036115474
9,133334080,0,0.0159829
9,74075918,0,0.0017874492
9,77775787,0,0.029402984
9,13664334,0,0.0048347344
9,19240160,0,0.19077913
9,73827971,0,0.0014370839
9,30831158,0,0.0014249322
9,78411771,0,0.010868047
9,94867720,0,0.114314474
9,19252865,0,0.025385253
7,65023468,0,0.0025730147
7,77932695,0,0.0028632951
7,40685622,0,0.0030230368
7,79048144,0,0.0016569785
7,101651181,0,0.0069085015
7,49031107,0,0.00046216193
7,128913456,0,0.026634896
7,106124429,0,0.0033746583
7,7378698,0,0.0030172963
7,107484774,0,0.007552536
7,105986670,0,0.012899593
7,44722077,0,0.0656644
7,158123161,0,0.004440923
7,91675711,0,0.09251615
7,19481398,0,0.0017191293
1,112701179,0,0.004325846
1,183375934,0,0.013468408
1,95428455,0,0.6092807
1,236357532,0,0.16904393
1,218253291,0,0.0033850376
1,235784050,0,0.029770326
1,149388369,0,0.009434899
1,239713659,0,0.0023644273
1,13345374,0,0.00378875
1,28706598,0,0.23123156
1,4414693,0,0.005948463
1,186913263,0,0.031333867
1,44266310,0,0.075853564
1,158114527,0,0.009744686
1,96251892,0,0.0048357444
15,58772557,0,0.009741031
15,56113586,0,0.0048727603
15,102083073,0,0.0056914124
15,78940030,0,0.008614705
15,47352866,0,0.0044332496
15,58124774,0,0.025244234
15,57755436,0,0.004634009
15,56055968,0,0.013381022
15,32265728,0,0.005987753
15,45213101,0,0.07484255
15,93913386,0,0.0033352883
15,50881516,0,0.10060807
15,88337132,0,0.0035627796
15,78020132,0,0.010030309
15,96180841,0,0.0062330016
9,36973746,0,0.04001273
9,25065699,0,0.0010805834
9,77960474,0,0.006596546
9,41598111,0,0.0031089273
9,1923958,0,0.012137492
9,16200140,0,0.009851946
9,36283970,0,0.018396767
9,46998358,0,0.0022122534
9,135014038,0,0.019051967
9,117544299,0,0.0043616015
9,80831994,0,0.010236826
9,139055252,0,0.027981596
9,117541147,0,0.0027114335
9,7677376,0,0.0017846072
16,88447709,0,0.017851848
16,74797137,0,0.015870878
16,47005573,0,0.14133799
16,32468468,0,0.0017250477
16,50935680,0,0.005750445
16,32424553,0,0.0051449044
16,17833666,0,0.0017641026
16,71111722,0,0.026800307
16,26154187,0,0.0008804712
16,66828823,0,0.21214642
16,82467833,0,0.00861704
16,89157477,0,0.05563199
16,59679390,0,0.0041821366
16,810534,0,0.035611052
16,79230912,0,0.0029800464
18,34746558,0,0.12624587
18,7667745,0,0.0010855665
18,24738447,0,0.0043383185
18,37231676,0,0.002861195
18,34027451,0,0.0047714324
18,71321545,0,0.008212684
18,28031972,0,0.0039540376
18,58677199,0,0.0066192546
18,12877060,0,0.09332329
18,8214705,0,0.02531874
18,29034756,0,0.003804438
18,39242776,0,0.0056818733
18,55612002,0,0.01744572
18,47131716,0,0.054722488
18,21069137,0,0.38406926
12,85858434,0,0.0038719282
12,11238590,0,0.023032881
12,75925152,0,0.020584963
12,29898195,0,0.023603527
12,4205347,0,0.0069748964
12,96016965,0,0.015218521
12,55215314,0,0.015352391
12,33085037,0,0.0018181294
12,107764534,0,0.0026323863
12,69521472,0,0.012703609
12,102328806,0,0.23801523
12,64991692,0,0.023352824
12,76042974,0,0.0044778204
12,103517933,0,0.0017328628
12,101356088,0,0.006428368
1,82291318,0,0.009055204
1,110246775,0,0.15188771
1,145069346,0,0.001687794
1,230314245,0,0.14994578
1,34902181,0,0.004329446
1,209990069,0,0.049223583
1,110145631,0,0.08412724
1,117390953,0,0.027158862
1,233615352,0,0.019010656
1,188234801,0,0.00655922
1,192708103,0,0.016871214
1,236486718,0,0.024350194
1,71381529,0,0.0035408072
11,102505366,0,0.019334802
11,76129448,0,0.06905394
11,133499663,0,0.0070236777
11,74738814,0,0.014870697
11,46324271,0,0.5054065
11,133763476,0,0.0071878885
11,71401690,0,0.008151058
11,77974945,0,0.018103391
11,42755405,0,0.0033759288
11,6294394,0,0.0053097964
11,41534409,0,0.0015627153
11,47825735,0,0.22357748
11,67668906,0,0.01847094
11,131595268,0,0.0031153848
19,22805490,0,0.017598338
19,41542745,0,0.012567617
19,54295199,0,0.03151209
19,56318332,0,0.007048934
19,52164056,0,0.014876648
19,2312903,0,0.27092227
19,14862743,0,0.01041137
19,21017821,0,0.0334362
19,17160022,0,0.11121545
19,23917187,0,0.01128136
19,284522,0,0.070101075
19,15646970,0,0.010655073
19,45781081,0,0.20210797
19,44855987,0,0.076234594
19,14129651,0,0.024193889
11,80595681,0,0.0005180417
11,65110685,0,0.27258283
11,7878673,0,0.03700495
11,25795817,0,0.0009512197
11,124129758,0,0.0089272745
11,20302530,0,0.010541378
11,131956204,0,0.013183377
11,41909495,0,0.0014083579
11,28088817,0,0.022368174
11,36352437,0,0.024729703
11,58823734,0,0.042004853
11,31860441,0,0.003941438
11,67560817,0,0.047567
11,17133830,0,0.058939315
3,112566976,0,0.1117131
3,106431752,0,0.011373664
3,16551873,0,0.12352728
3,3913455,0,0.0010112099
3,163296557,0,0.0016755187
3,58126765,0,0.17096734
3,31223516,0,0.0025483863
3,7503394,0,0.0020657533
3,26947453,0,0.00043282556
3,100407497,0,0.10282762
3,134311285,0,0.020059854
3,135456449,0,0.0071841427
3,182460443,0,0.005832317
3,132014935,0,0.014881654
3,80567205,0,0.0027698365
2,73670708,0,0.070637465
2,160523195,0,0.16427237
2,62016797,0,0.031434167
2,231747710,0,0.018877005
2,180643881,0,0.02165806
2,39756929,0,0.13047831
2,13223749,0,0.0048287273
2,190614427,0,0.24301355
2,155377741,0,0.0050510974
2,28258142,0,0.011051618
2,211516504,0,0.022382738
2,83232569,0,0.0063304575
2,160109363,0,0.09767475
2,107067543,0,0.008091384
2,123042867,0,0.016480422
1,194708178,0,0.0041987156
1,40472576,0,0.015208097
1,184327080,0,0.015114138
1,201626923,0,0.015392845
1,120826814,0,0.0054495535
1,34214996,0,0.047149405
1,16347542,0,0.060479067
1,327105,0,0.00785748
1,177659072,0,0.0010881855
1,81712899,0,0.04240865
1,229337915,0,0.0076242187
1,172210379,0,0.010620051
1,46979884,0,0.010565015
1,189486650,0,0.001124752
1,80365996,0,0.0076345215
16,17788076,0,0.002203951
16,5016877,0,0.064942956
16,78117280,0,0.025845626
16,6889675,0,0.0011884404
16,8010621,0,0.0013942927
16,20473596,0,0.041738197
16,78141473,0,0.12960362
16,73360810,0,0.0012537607
16,58578183,0,0.41272464
16,27860811,0,0.010394176
16,4231554,0,0.06325274
16,77106835,0,0.006655296
16,79586117,0,0.004242969
16,7694876,0,0.0008863055
16,65667158,0,0.002049413
4,44311821,0,0.0024376868
4,185502119,0,0.04904651
4,169675887,0,0.015034718
4,83387393,0,0.012058879
4,53293417,0,0.011379865
4,130376227,0,0.0021783558
4,129064951,0,0.016892638
4,40873533,0,0.068503805
4,175187186,0,0.16359879
4,132113131,0,0.0012974921
4,27194268,0,0.0056298994
4,177692879,0,0.022247676
4,10223108,0,0.002594975
4,161277689,0,0.0019544426
2,8227587,0,0.042039607
2,134426649,0,0.0054069385
2,167425939,0,0.0036176026
2,28797755,0,0.019312985
2,187823443,0,0.0016841711
2,125788579,0,0.0035944
2,98182568,0,0.1621422
2,105132332,0,0.0013947914
2,97712731,0,0.21647571
2,72392588,0,0.01902022
2,241482137,0,0.046127193
2,73457552,0,0.54697716
2,113866988,0,0.028223574
2,55710494,0,0.0054186466
2,130735000,0,0.038742997
3,561769,0,0.0013210921
3,31081698,0,0.0028742345
3,62340743,0,0.022252189
3,153291915,0,0.014346116
3,186206615,0,0.008322305
3,151799251,0,0.0031886098
3,189023117,0,0.01133884
3,23528977,0,0.013681143
3,132792354,0,0.0026322934
3,64721941,0,0.008792194
3,4848776,0,0.014160105
3,168259312,0,0.0041538505
3,24166164,0,0.053985402
3,18868643,0,0.0021178962
3,10767813,0,0.0068560173
2,64684510,0,0.2794022
2,192659820,0,0.012666767
2,18859517,0,0.0016916557
2,135056484,0,0.04264293
2,83366444,0,0.0017145892
2,231077994,0,0.06729645
2,113798659,0,0.048987504
2,188865164,0,0.0025006782
2,192643022,0,0.0022208286
2,234683892,0,0.02102607
2,19086699,0,0.025828142
2,225876556,0,0.03300317
2,14310764,0,0.0030168924
2,166280337,0,0.007953849
20,52890766,0,0.012417925
20,21530617,0,0.0029453253
20,22958488,0,0.015266568
20,59461785,0,0.0027652422
20,16033185,0,0.0021114552
20,55661952,0,0.010283525
20,58795139,0,0.010270565
20,2784925,0,0.13040596
20,42704957,0,0.022024991
20,25850809,0,0.057711907
20,18158751,0,0.031269025
20,60520312,0,0.0049501467
20,30675814,0,0.27860886
9,72696762,0,0.004470693
9,112998512,0,0.034892228
9,138672105,0,0.0330102
9,65701979,0,0.0024326132
9,32931601,0,0.01328466
9,120671944,0,0.008967264
9,119579508,0,0.010543393
9,13890,0,0.0027903707
9,84222230,0,0.03151233
9,18969363,0,0.0039461004
9,127768610,0,0.07757357
9,101561046,0,0.047933687
9,92685349,0,0.0010532232
9,108465586,0,0.20123596
9,20234604,0,0.019286621
5,32006372,0,0.029621243
5,171038663,0,0.0051349318
5,9626502,0,0.0069812704
5,16981919,0,0.0050490494
5,139425476,0,0.03843615
5,100596113,0,0.0026763307
5,82525501,0,0.00402441
5,103070167,0,0.0013130977
5,110593762,0,0.038403966
5,6806763,0,0.011812215
5,32356570,0,0.2962851
5,111443754,0,0.010600373
5,87260659,0,0.0014377395
5,13425389,0,0.0031859498
5,172004039,0,0.00843798
22,35455720,0,0.00486424
22,18721302,0,0.062089317
22,41095047,0,0.062874906
22,28089737,0,0.019338073
22,32287788,0,0.24128655
22,26343453,0,0.0024623391
22,33763108,0,0.009219038
22,50747598,0,0.055670504
22,36866409,0,0.595184
22,47992367,0,0.003394687
22,24335242,0,0.026956046
22,16960896,0,0.0027517248
22,20449438,0,0.0027765634
19,24581027,0,0.00053198833
19,32122278,0,0.00069851853
19,29343381,0,0.0010663443
19,22874375,0,0.0025445085
19,46379403,0,0.058254674
19,16423903,0,0.014622897
19,19605018,0,0.2675211
19,48983068,0,0.5941993
19,53484920,0,0.004781281
19,55636406,0,0.08355859
19,41305419,0,0.14902979
19,55794375,0,0.036159016
19,37232674,0,0.070688196
19,36100816,0,0.583278
19,47903444,0,0.018102441
8,68970492,0,0.017408505
8,114348471,0,0.0030233932
8,95694876,0,0.041833203
8,4000342,0,0.00078842253
8,33270537,0,0.0071381247
8,42512268,0,0.008276293
8,79251130,0,0.0045060352
8,92026986,0,0.11169325
8,92939778,0,0.0010419015
8,119977816,0,0.0033612074
8,133756656,0,0.17222247
8,64371111,0,0.007895719
8,12507015,0,0.022506485
8,66518462,0,0.20155318
8,101983658,0,0.0019613649
16,86522899,0,0.012278005
16,12734231,0,0.002540619
16,50861779,0,0.00990082
16,59598508,0,0.0097609935
16,53479084,0,0.30820185
16,79339531,0,0.0012859631
16,61913814,0,0.0009814459
16,54490811,0,0.011168138
16,10638005,0,0.034980282
16,7313906,0,0.0030987747
16,3143278,0,0.03443583
16,63752403,0,0.0005839997
16,5770917,0,0.0013215602
16,78743583,0,0.0032259952
16,62364770,0,0.0028395848
11,23076540,0,0.0046589426
11,11386666,0,0.11830103
11,130240761,0,0.023573332
11,10966029,0,0.0048511797
11,39912943,0,0.0031933708
11,36545890,0,0.02381295
11,130959328,0,0.0017325254
11,44872419,0,0.0037368524
11,50342333,0,0.0046896683
11,18420440,0,0.11905524
11,8593592,0,0.01981643
11,97215979,0,0.00058801356
11,30707698,0,0.0011930093
11,10552022,0,0.0795666
11,79464757,0,0.00068949885
7,149912594,0,0.016613016
7,19211328,0,0.001324647
7,85819150,0,0.0029142227
7,20394948,0,0.017915597
7,129654468,0,0.04334323
7,31759783,0,0.0029225047
7,80784753,0,0.0020704563
7,100822341,0,0.12126786
7,149524689,0,0.03740604
7,37317515,0,0.0030568417
7,136146711,0,0.0006053365
7,144393911,0,0.005598974
7,155876383,0,0.0031922087
7,129647859,0,0.060451917
7,155585152,0,0.0035299673
17,6310314,0,0.005281334
17,18775359,0,0.12128929
17,8036108,0,0.14245111
17,11528840,0,0.0020498927
17,17846719,0,0.07152768
17,46811710,0,0.008312145
17,225400,0,0.020614864
17,34732669,0,0.0019312219
17,7778203,0,0.14115795
17,58113587,0,0.25051787
17,13845354,0,0.0017372932
17,15527525,0,0.008839272
17,80146858,0,0.1723928
17,450570,0,0.05396577
3,28411965,0,0.007718103
3,141473274,0,0.02105249
3,195225016,0,0.0354968
3,75327291,0,0.011541176
3,81377,0,0.0061925147
3,72078932,0,0.005548938
3,165826470,0,0.0013758623
3,5532627,0,0.0025460892
3,127058306,0,0.0070642703
3,89551544,0,0.004118258
3,4015439,0,0.0024234925
3,39961184,0,0.0022015842
3,102205484,0,0.00781455
3,73887713,0,0.0017594226
3,48099136,0,0.032810017
2,136537472,0,0.052261103
2,225605651,0,0.01618316
2,29144354,0,0.20878625
2,151322254,0,0.053175014
2,76791103,0,0.0023348194
2,54508020,0,0.0772207
2,121034819,0,0.014766097
2,8599932,0,0.005869352
2,129600114,0,0.002919659
2,33144413,0,0.007924149
2,30295228,0,0.250629
2,160921813,0,0.02601737
2,59914505,0,0.004255868
2,77784762,0,0.0027740863
2,134755448,0,0.0044458653
3,143369066,0,0.058223996
3,162334125,0,0.001331159
3,10874326,0,0.02823433
3,170145774,0,0.18194091
3,80750422,0,0.0013115716
3,129105076,0,0.37067813
3,35986763,0,0.008904904
3,37293150,0,0.12932749
3,46501435,0,0.13609816
3,129314016,0,0.0386397
3,121099332,0,0.032529112
3,48455984,0,0.056755275
3,68835867,0,0.0015222324
3,72039452,0,0.005571642
11,125319313,0,0.1250859
11,6810511,0,0.01666986
11,128686386,0,0.00386028
11,80919607,0,0.0021405132
11,69838807,0,0.024629187
11,97776665,0,0.0010532426
11,74728047,0,0.24412432
11,99604113,0,0.0035727967
11,103920945,0,0.005482409
11,124218420,0,0.005423143
11,98513416,0,0.000675829
11,60615914,0,0.31134155
11,121001922,0,0.020256266
11,47087653,0,0.04153972
11,99246033,0,0.0016405891
16,11326443,0,0.017549444
16,15979117,0,0.3865586
16,77598680,0,0.0022164532
16,12909985,0,0.007406501
16,11459505,0,0.034617595
16,62799041,0,0.00063326844
16,77201433,0,0.0060003074
16,22769475,0,0.010523787
16,62981495,0,0.008077313
16,90003885,0,0.10575808
16,6817945,0,0.0019567811
16,6661692,0,0.0034187785
16,5646172,0,0.005962798
16,33872091,0,0.0005224887
16,50368663,0,0.08546165
11,10547676,0,0.0767935
11,90651860,0,0.0014245318
11,72939236,0,0.1325893
11,97760149,0,0.0012467697
11,134738467,0,0.15684642
11,1070534,0,0.003037672
11,126057344,0,0.32474023
11,4456562,0,0.01670121
11,4798421,0,0.0043110163
11,357386,0,0.0030373628
11,64944089,0,0.26043892
11,8043412,0,0.05854439
11,18412389,0,0.042520136
11,114718032,0,0.0014200052
11,25716956,0,0.003111519
6,26891127,0,0.044479337
6,133397170,0,0.015669942
6,88294309,0,0.104900345
6,170208343,0,0.0048033227
6,144792231,0,0.042765707
6,11401873,0,0.01026459
6,22086975,0,0.004662836
6,57988311,0,0.0019706
6,21778121,0,0.010334144
6,162739182,0,0.0031384456
6,143931421,0,0.004661999
6,106530330,0,0.020446286
6,40853678,0,0.025266377
6,110593059,0,0.04995313
6,18327732,0,0.057323087
7,35697531,0,0.020860389
7,64659138,0,0.013340653
7,36087216,0,0.013991517
7,46117332,0,0.002634791
7,152302301,0,0.003739413
7,89920057,0,0.14451106
7,84438958,0,0.003086034
7,76015748,0,0.21774675
7,68671015,0,0.0018078932
7,109634483,0,0.0029789216
7,64677872,0,0.035355218
7,4097144,0,0.009753858
7,656278,0,0.10468248
7,119261294,0,0.0018023446
7,146260110,0,0.0013565406
19,15770020,0,0.007716109
19,22342421,0,0.008925997
19,44804119,0,0.16777256
19,14420905,0,0.45015916
19,48398734,0,0.011522744
19,11998167,0,0.03733003
19,20332009,0,0.027490571
19,46006212,0,0.29712433
19,44291986,0,0.076553635
19,38413021,0,0.06652464
19,49217305,0,0.73345584
19,23650698,0,0.0067480607
19,20089803,0,0.005106197
19,43419020,0,0.046546914
19,19437499,0,0.054696005
19,52814257,0,0.058147028
19,41568274,0,0.016381828
19,17042055,0,0.01794935
19,29530017,0,0.0021126233
19,385953,0,0.04776091
19,14467953,0,0.0076823095
19,53608032,0,0.0412403
19,32709431,0,0.00656978
19,40002649,0,0.039731324
19,28679658,0,0.0034876908
19,56749347,0,0.0019361916
19,42107425,0,0.021179177
19,1008791,0,0.037069008
19,5907621,0,0.055703677
17,66279922,0,0.20228203
17,20759238,0,0.016246771
17,65474156,0,0.112584606
17,68552388,0,0.013073098
17,18967152,0,0.105150886
17,67769417,0,0.0121696545
17,71622527,0,0.0062156757
17,61989235,0,0.49364674
17,16761592,0,0.0062680044
17,69212795,0,0.0025050964
17,6813247,0,0.17078923
17,75839567,0,0.016875645
17,32038447,0,0.004535628
17,45222820,0,0.25439718
17,70300104,0,0.0008956997
6,113776924,0,0.009426248
6,154958120,0,0.009159547
6,31211497,0,0.12616953
6,18033113,0,0.010509338
6,166594668,0,0.005888919
6,2569650,0,0.023595028
6,32636215,0,0.34736946
6,130158508,0,0.018994255
6,137401171,0,0.013938858
6,120842624,0,0.0046338644
6,56445849,0,0.13218656
6,15074186,0,0.0059601925
6,149629653,0,0.006103408
6,33505688,0,0.036534462
6,39688367,0,0.010382982
13,50137491,0,0.096455954
13,25530510,0,0.17708406
13,79266113,0,0.004238457
13,30761834,0,0.0022791233
13,109914830,0,0.05617044
13,35221471,0,0.0024589028
13,42167775,0,0.017486293
13,97438888,0,0.0006785797
13,107628660,0,0.0012519122
13,111814656,0,0.40399057
13,63144764,0,0.003992494
13,67515021,0,0.0017326236
13,98171096,0,0.006143228
13,78756208,0,0.0076776585
13,94227013,0,0.0013843884
3,34305029,0,0.0018057035
3,180634859,0,0.08721678
3,103978022,0,0.005235391
3,144417977,0,0.001537516
3,178860031,0,0.038885266
3,86711141,0,0.00377226
3,14384721,0,0.004842477
3,196872892,0,0.0154298395
3,165732570,0,0.0019272225
3,30447188,0,0.0053507425
3,96035751,0,0.0020246038
3,144845098,0,0.0038759469
3,56571584,0,0.016626833
3,167353688,0,0.009571145
3,75434200,0,0.005122703
4,59354968,0,0.0008999943
4,14223227,0,0.003855076
4,79427860,0,0.03620723
4,12891215,0,0.000689108
4,35697399,0,0.0025522644
4,100747254,0,0.04792374
4,85095637,0,0.0012150703
4,163579703,0,0.0009826275
4,10649456,0,0.005334808
4,23754988,0,0.0017216221
4,22679763,0,0.0018123233
4,185524904,0,0.008923744
4,154961438,0,0.0033210511
4,37935054,0,0.01088701
4,56344307,0,0.064937845
17,67751408,0,0.00204973
17,70496105,0,0.0032441588
17,14619886,0,0.0053143995
17,28736381,0,0.039602473
17,32032837,0,0.004311112
17,32502309,0,0.024074195
17,41437465,0,0.46574003
17,1209691,0,0.04963601
17,6374779,0,0.11898823
17,21843894,0,0.0036242295
17,71623302,0,0.004239016
17,53178283,0,0.021808865
17,1026163,0,0.115997486
17,40536396,0,0.2086638
2,20882449,0,0.2207709
2,48256510,0,0.02986501
2,10604577,0,0.052872214
2,179032309,0,0.011090783
2,141825915,0,0.0018735325
2,214734132,0,0.0018344887
2,155235853,0,0.004078798
2,230305398,0,0.007322976
2,10983427,0,0.023758236
2,97782784,0,0.24143878
2,114609978,0,0.0058606523
2,147123296,0,0.0028624784
2,61483725,0,0.054081034
2,223727432,0,0.17196365
2,33246491,0,0.0076038935
14,20486579,0,0.0035916632
14,94245452,0,0.007877012
14,46535283,0,0.0035980581
14,91282452,0,0.05813581
14,94927521,0,0.013759807
14,31803083,0,0.12288465
14,19320034,0,0.003734038
14,98590709,0,0.0030620147
14,68559146,0,0.028330708
14,103918029,0,0.13696866
14,59885645,0,0.01978983
14,66473150,0,0.020772891
14,89546404,0,0.002940418
14,31812567,0,0.2706851
14,63979121,0,0.012413948
14,69178241,0,0.00721589
14,98610967,0,0.0024597873
14,29446377,0,0.0012794634
14,103144373,0,0.016068859
14,73901979,0,0.038794525
14,40524287,0,0.0028967727
14,72903875,0,0.015683962
14,77033736,0,0.010605235
14,78243213,0,0.09244494
14,97096485,0,0.011823797
14,36948695,0,0.008221346
14,59719493,0,0.050769016
14,34946268,0,0.012180918
14,53736338,0,0.004511844
18,41253288,0,0.0032809395
18,65251569,0,0.0056790556
18,11034350,0,0.011580037
18,67149048,0,0.0064282645
18,73126031,0,0.012105084
18,72647280,0,0.008037821
18,4928571,0,0.0013303364
18,67364368,0,0.005011323
18,28383764,0,0.002460162
18,57063004,0,0.008118463
18,61858657,0,0.001008139
18,38827797,0,0.0030883118
18,55399387,0,0.011622275
18,42528951,0,0.0068296385
18,41259278,0,0.003652893
2,54636005,0,0.0055557466
2,122561161,0,0.0296662
2,167142129,0,0.025909849
2,189922016,0,0.037396938
2,46334746,0,0.038433276
2,234482328,0,0.07729594
2,57233901,0,0.0023797534
2,171474525,0,0.034921635
2,121018469,0,0.0417305
2,227525848,0,0.0107245445
2,231190247,0,0.12731658
2,138664157,0,0.0016575844
2,106146615,0,0.009888115
2,76400985,0,0.004512208
2,220746570,0,0.007872062
19,48296296,0,0.07184535
19,33498655,0,0.04292161
19,21108261,0,0.04793414
19,6042516,0,0.07164189
19,3016417,0,0.010698903
19,29951995,0,0.004110915
19,22625517,0,0.018347252
19,5703168,0,0.16376378
19,22996620,0,0.0058484464
19,2320557,0,0.12255135
19,8741695,0,0.006509711
19,37452365,0,0.033271734
19,53700010,0,0.036832623
19,22875445,0,0.012955005
19,22764319,0,0.005657947
16,6170859,0,0.0013578306
16,31748045,0,0.062419996
16,3443585,0,0.10190113
16,13559388,0,0.0011558458
16,13938099,0,0.0022375837
16,8768059,0,0.24741215
16,74808477,0,0.13468806
16,17718625,0,0.0060112095
16,89913529,0,0.013370211
16,2230585,0,0.010762583
16,52051803,0,0.0017090703
16,7292467,0,0.00066690694
16,87233948,0,0.0033802632
16,10925021,0,0.023106566
16,79828158,0,0.0013411836
11,7500159,0,0.0178146
11,29500081,0,0.0011485453
11,57873631,0,0.0017500552
11,110671664,0,0.0016264437
11,103215670,0,0.004361937
11,42376425,0,0.0006713933
11,32001543,0,0.004550987
11,88475777,0,0.0021466925
11,82615502,0,0.1953973
11,15335044,0,0.0020223912
11,19973315,0,0.44165486
11,71514500,0,0.09048872
11,21358977,0,0.00043302198
11,72196491,0,0.012935881
11,101817374,0,0.1479951
1,247734254,0,0.014197364
1,81630550,0,0.0017913688
1,221977024,0,0.0020282858
1,100856479,0,0.023116158
1,247375050,0,0.16432966
1,230681980,0,0.012324915
1,170781223,0,0.005881186
1,182398004,0,0.027493939
1,244953734,0,0.0035328616
1,61670840,0,0.0040801154
1,230679808,0,0.021962527
1,238496574,0,0.0014520433
1,246364645,0,0.017546494
1,31372734,0,0.035499766
1,2004908,0,0.029716808
18,28027322,0,0.0023344373
18,28513207,0,0.00094036484
18,20870757,0,0.0092107365
18,39723871,0,0.002219791
18,2820406,0,0.0419515
18,73020741,0,0.0032730387
18,28577747,0,0.006158602
18,5531014,0,0.007190727
18,34185248,0,0.011507726
18,28559101,0,0.0023638345
18,34331358,0,0.06574597
18,64414730,0,0.001658077
18,61583302,0,0.018149015
18,6918787,0,0.0041017304
18,30340302,0,0.021122506
15,41777934,0,0.4595258
15,50923849,0,0.08161863
15,56980687,0,0.14514875
15,29520299,0,0.0077233384
15,80660200,0,0.10260436
15,40732793,0,0.13270114
15,66649933,0,0.2095307
15,36041771,0,0.0034900233
15,74371563,0,0.007688164
15,70362539,0,0.0533569
15,87672526,0,0.0010846525
15,50944066,0,0.13834007
15,67300454,0,0.0057727126
15,70209583,0,0.025006486
15,82472714,0,0.023656784
19,10732119,0,0.076380566
19,36922198,0,0.03146201
19,52630913,0,0.0798177
19,12954910,0,0.0344558
19,55057175,0,0.014331573
19,57216376,0,0.0029583117
19,44902338,0,0.056579158
19,31411949,0,0.001617044
19,48941544,0,0.08332642
19,19388446,0,0.25405067
19,38320814,0,0.05083321
19,14174819,0,0.028532265
19,15665952,0,0.056547996
19,20486698,0,0.002516961
19,24569264,0,0.00067278836
11,121140526,0,0.021452129
11,128958889,0,0.09363031
11,3486553,0,0.018111797
11,95507872,0,0.14811365
11,87023586,0,0.053033028
11,33097455,0,0.2002667
11,106513602,0,0.0019435142
11,112008793,0,0.040929146
11,15372557,0,0.009682535
11,123817351,0,0.0040453738
11,119452530,0,0.016065737
11,71272487,0,0.0047222697
11,20803935,0,0.0010031268
11,100531897,0,0.009419643
11,121016818,0,0.034891453
1,234529570,0,0.09401363
1,207832728,0,0.11068486
1,203738781,0,0.41825557
1,224169217,0,0.014719662
1,38877798,0,0.006099464
1,72725344,0,0.005664628
1,17062016,0,0.101604335
1,79459257,0,0.0048845205
1,182579490,0,0.03441239
1,186091554,0,0.010294654
1,13333968,0,0.0034593705
1,79611430,0,0.0015339954
1,94312579,0,0.1496072
1,113059220,0,0.054068863
1,152941345,0,0.032824144
3,30464538,0,0.0071475753
3,73353478,0,0.0034190074
3,195634090,0,0.46273813
3,46086881,0,0.051594716
3,128338854,0,0.042010803
3,150922764,0,0.0461294
3,30198143,0,0.002878438
3,122658951,0,0.05414933
3,129114431,0,0.13726564
3,187908952,0,0.009594564
3,118050686,0,0.008848861
3,181143311,0,0.0016339904
3,123468124,0,0.014680406
3,14473913,0,0.45900965
3,12526288,0,0.31442323
2,237671032,0,0.018126111
2,10676719,0,0.0046261135
2,2976930,0,0.008387882
2,202606639,0,0.13057792
2,25251529,0,0.026709061
2,221051296,0,0.0020177048
2,222903188,0,0.005698721
2,44858275,0,0.013182962
2,75148429,0,0.022823226
2,85716327,0,0.0076278127
2,31470219,0,0.024783881
2,17391189,0,0.005273111
2,180743418,0,0.005155657
2,186688007,0,0.012063119
2,115789287,0,0.0008286822
11,65114579,0,0.12228306
11,30465997,0,0.017742705
11,112947206,0,0.0026869653
11,11303012,0,0.023166653
11,11099460,0,0.005116428
11,21425551,0,0.00043110678
11,9526410,0,0.046183646
11,19395116,0,0.011465284
11,101022271,0,0.004391204
11,97817539,0,0.0023773683
11,43570979,0,0.020291202
11,96282284,0,0.012983848
11,38025187,0,0.0010144892
11,117356979,0,0.043326076
11,23417010,0,0.0009151545
1,186312913,0,0.13732894
1,228080115,0,0.03349975
1,241379899,0,0.0037003837
1,115975037,0,0.013462549
1,20610470,0,0.013808851
1,195573081,0,0.014616178
1,199820094,0,0.0056626084
1,103942061,0,0.0022331234
1,27357609,0,0.040300895
1,41987868,0,0.016370391
1,237739835,0,0.0036559151
1,212246120,0,0.07764909
1,12650069,0,0.13637836
1,62450809,0,0.18595162
1,174080897,0,0.047545813
19,15773082,0,0.03694585
19,3226438,0,0.047044065
19,59047245,0,0.07286287
19,5510565,0,0.0076435367
19,24620661,0,0.0008871787
19,23961797,0,0.03085256
19,38418161,0,0.03231249
19,42289852,0,0.15799077
19,17691087,0,0.26990515
19,4166560,0,0.024756515
19,42279645,0,0.026543269
19,51353102,0,0.0068119788
19,36807621,0,0.30185163
19,8596022,0,0.1835803
19,36409010,0,0.07191724
19,18780799,0,0.08844029
19,7008522,0,0.028352395
19,33182750,0,0.81151015
19,54718224,0,0.13380267
19,55336156,0,0.0040520187
19,50475458,0,0.042302176
19,35719749,0,0.008236175
19,29421539,0,0.0037078166
19,20360069,0,0.0056880857
19,57700569,0,0.034258593
19,57159419,0,0.02421867
19,24217292,0,0.0961939
19,55336884,0,0.0040183156
19,45954145,0,0.6800256
19,55334923,0,0.0038594475
7,150012919,0,0.012954695
7,155249032,0,0.009211406
7,45439638,0,0.0049105757
7,121008203,0,0.36751667
7,128308618,0,0.18027328
7,96981350,0,0.0023113955
7,82682444,0,0.0027974374
7,132913071,0,0.008918635
7,45269150,0,0.012822192
7,87097755,0,0.16737764
7,81566761,0,0.004101304
7,55777696,0,0.008096785
7,158521614,0,0.09096481
7,64966875,0,0.008289269
7,112949003,0,0.00093000545
12,22939629,0,0.0012105776
12,98635505,0,0.0015117078
12,110926519,0,0.2621185
12,19969383,0,0.004132133
12,65098224,0,0.040362842
12,55191133,0,0.0024348206
12,56843825,0,0.15758613
12,86727574,0,0.0134593835
12,114182800,0,0.038668282
12,95135023,0,0.06763778
12,82833646,0,0.0672761
12,110001589,0,0.6034004
12,51148584,0,0.0682388
12,82858930,0,0.017129328
14,60247284,0,0.0122217275
14,88555551,0,0.0038332648
14,78337330,0,0.07168283
14,19747570,0,0.0075714276
14,56705069,0,0.0047989003
14,65601689,0,0.01598404
14,19432429,0,0.0035562615
14,37624952,0,0.0044790497
14,33276036,0,0.017795954
14,56695702,0,0.07201463
14,35124314,0,0.012154966
14,59247322,0,0.002400439
14,56683830,0,0.044846505
14,95062356,0,0.0127046155
14,30187405,0,0.011053908
5,28228967,0,0.00053348736
5,145566375,0,0.090345666
5,20318809,0,0.0016723425
5,8275167,0,0.022761436
5,85741165,0,0.0010130188
5,126731831,0,0.041494384
5,13811297,0,0.015620214
5,18503333,0,0.0011921653
5,27881472,0,0.0012730645
5,7519298,0,0.002526483
5,79537045,0,0.06147552
5,18506838,0,0.0018665601
5,163110771,0,0.013726289
5,170034798,0,0.020982021
5,164988019,0,0.00044167222
14,41058805,0,0.0008786861
14,106675471,0,0.003911333
14,87257533,0,0.011213706
14,69283545,0,0.60401654
14,95218549,0,0.008876996
14,21758024,0,0.081928186
14,41054747,0,0.0021808562
14,106478560,0,0.0047591077
14,41055550,0,0.005941785
14,53948461,0,0.012314217
14,96060417,0,0.0050320197
14,75839359,0,0.044412367
14,54204304,0,0.0026850582
14,77582579,0,0.1944218
14,50550082,0,0.45372897
13,93877746,0,0.0027844922
13,106707858,0,0.002947625
13,19300228,0,0.0066809044
13,85848318,0,0.0019210322
13,35434160,0,0.004703481
13,27605398,0,0.005966072
13,58801792,0,0.0022629576
13,25311961,0,0.0047421423
13,36532327,0,0.00178449
13,36222980,0,0.013880326
13,45591295,0,0.3630081
13,57406882,0,0.0073937206
13,66820612,0,0.008979342
13,109113425,0,0.0013880221
13,42781298,0,0.040280495
6,6598175,0,0.025888857
6,62959520,0,0.0014585201
6,32522434,0,0.029407857
6,95393584,0,0.005087876
6,16943167,0,0.010370637
6,170358566,0,0.0077109705
6,101867428,0,0.002056792
6,47751880,0,0.017359594
6,136595752,0,0.13333793
6,156825012,0,0.006694196
6,32519005,0,0.0063622347
6,93841488,0,0.0012066074
6,133655159,0,0.0054711113
6,89117171,0,0.0039969473
6,136749572,0,0.014401721
19,6866404,0,0.055207074
19,17309543,0,0.055910733
19,37407017,0,0.8503435
19,16866956,0,0.0097151445
19,9580945,0,0.024500044
19,7795812,0,0.1397692
19,8146145,0,0.03452243
19,16068030,0,0.019047193
19,48690689,0,0.013298879
19,12473651,0,0.0475396
19,35825367,0,0.8392313
19,48454931,0,0.004848938
19,53429610,0,0.14513415
19,44901789,0,0.09311249
19,6940284,0,0.005806643
5,12337145,0,0.0024436307
5,161736757,0,0.0010707465
5,38241901,0,0.007143966
5,131422136,0,0.061991345
5,94374162,0,0.00896751
5,22677995,0,0.0030605667
5,44054693,0,0.00079428946
5,82744472,0,0.008471974
5,146557464,0,0.0068910993
5,165587805,0,0.00094214367
5,38741229,0,0.0063092443
5,7217750,0,0.0007302441
5,28042286,0,0.0015571069
5,75474450,0,0.0060782027
5,58028117,0,0.0037960168
22,43324565,0,0.1048552
22,49181087,0,0.0024996367
22,22927739,0,0.013565697
22,24340665,0,0.0072041485
22,47867172,0,0.009244115
22,25710719,0,0.023539389
22,22629040,0,0.003470329
22,17561913,0,0.06173048
22,38494005,0,0.34824345
22,44310090,0,0.018330768
22,34778619,0,0.0010032257
22,43503323,0,0.020770479
22,26653212,0,0.003774013
22,21750002,0,0.0016139569
16,47802581,0,0.010423472
16,81155867,0,0.030996991
16,13885411,0,0.0012035931
16,32835867,0,0.008547902
16,3511787,0,0.07511061
16,13450686,0,0.046847098
16,70495589,0,0.10433558
16,24520628,0,0.010099404
16,70560311,0,0.5368185
16,78927243,0,0.0033238542
16,26676093,0,0.0017592901
16,13172271,0,0.0019365067
16,27118727,0,0.060672067
16,84475035,0,0.014869676
16,9351258,0,0.007994156
11,51315121,0,0.00496201
11,89793526,0,0.0043979515
11,97218134,0,0.00097228086
11,90095509,0,0.0016019074
11,8547801,0,0.08664859
11,13334858,0,0.025333688
11,32547584,0,0.00672799
11,88600993,0,0.002575854
11,87561623,0,0.0013550041
11,57752369,0,0.014508085
11,58431473,0,0.037333943
11,21588513,0,0.00093290175
11,56857967,0,0.007232849
11,76653985,0,0.004729323
11,51289933,0,0.0056556
6,123225243,0,0.0038215274
6,146243581,0,0.089189604
6,45149413,0,0.00609216
6,69830072,0,0.0015884285
6,89038096,0,0.003031139
6,54703035,0,0.003406989
6,87838358,0,0.005803825
6,29017101,0,0.006778355
6,2840316,0,0.2786849
6,10480091,0,0.0034683642
6,166789643,0,0.091980316
6,7550457,0,0.11640393
6,37053844,0,0.02018957
6,166539227,0,0.0034458353
6,150805223,0,0.03793455
20,42445681,0,0.006927626
20,59068949,0,0.007083984
20,21565207,0,0.0060249977
20,36250660,0,0.018480878
20,21355846,0,0.08418055
20,24790701,0,0.0043969266
20,44215392,0,0.032786034
20,34145461,0,0.16034895
20,11575996,0,0.0018356941
20,14263453,0,0.0023555981
20,34150796,0,0.068975344
20,23738757,0,0.009855765
20,9714982,0,0.0005708802
20,38091708,0,0.0037257278
20,41370400,0,0.0005753351
9,130836736,0,0.074482955
9,29104374,0,0.0017013995
9,105924359,0,0.007591375
9,94489683,0,0.14167984
9,104947395,0,0.0015414915
9,113800790,0,0.20775211
9,103300809,0,0.039549645
9,103988019,0,0.0017090711
9,5951579,0,0.085808426
9,139626428,0,0.14869563
9,38975404,0,0.0018754811
9,79946049,0,0.1568187
9,115629328,0,0.60527945
9,105944926,0,0.0046856636
9,29124418,0,0.004680352
20,56119132,0,0.006842977
20,17036185,0,0.004441454
20,38997827,0,0.0031473015
20,19401236,0,0.005838098
20,61402913,0,0.015069726
20,37616930,0,0.47798738
20,56671592,0,0.0048888843
20,42812325,0,0.026596038
20,34235236,0,0.037826024
20,8194378,0,0.054091904
20,32457717,0,0.014336187
20,39394289,0,0.01673931
20,16969960,0,0.0013596948
6,54499600,0,0.0034991244
6,155126336,0,0.011620166
6,5297923,0,0.02027729
6,62280865,0,0.004220723
6,53264485,0,0.004325586
6,147807094,0,0.0044391486
6,162018868,0,0.0006389408
6,92143374,0,0.00050360983
6,88578393,0,0.013599025
6,25106783,0,0.013079541
6,63137650,0,0.00109984
6,111115609,0,0.02706749
6,45853241,0,0.0046111783
6,40527634,0,0.005269316
6,141036545,0,0.009567503
9,125541717,0,0.064682096
9,137721493,0,0.02859402
9,119695526,0,0.021504113
9,5186412,0,0.11831499
9,47036491,0,0.0026365258
9,109933648,0,0.0040101525
9,20678199,0,0.025781378
9,94854408,0,0.2181147
9,119734488,0,0.001739794
9,27952280,0,0.0047230897
9,132101864,0,0.040515676
9,40622160,0,0.0033243673
9,131364500,0,0.24476856
9,112594535,0,0.012882678
9,113977176,0,0.017042033
5,120983159,0,0.0064378316
5,49474560,0,0.0004068453
5,136408448,0,0.0091019925
5,157897628,0,0.0048369374
5,110641072,0,0.0046922914
5,33895087,0,0.008154898
5,15198825,0,0.0023609847
5,157355662,0,0.0061185695
5,8322186,0,0.0013734585
5,37906322,0,0.0038342224
5,173817687,0,0.0036970973
5,117825844,0,0.0013767987
5,72202091,0,0.1434282
5,156275672,0,0.008117146
5,154399929,0,0.011141891
18,22230579,0,0.009781511
18,11435724,0,0.0013389968
18,29010982,0,0.0012355326
18,23627138,0,0.2781122
18,38887101,0,0.0047137453
18,62314700,0,0.0007920952
18,64939947,0,0.016799
18,61580542,0,0.21744578
18,7147564,0,0.0024844408
18,61585145,0,0.06630634
18,77123057,0,0.020616423
18,77202394,0,0.052784868
18,43730289,0,0.041952487
18,55515066,0,0.0047444385
18,45636430,0,0.0042412006
3,129568549,0,0.15417483
3,159568331,0,0.0069425264
3,134947616,0,0.007598232
3,76122746,0,0.004087561
3,76494549,0,0.0019164053
3,3226143,0,0.015277762
3,81758573,0,0.009110868
3,188184287,0,0.0036366277
3,57763642,0,0.1753347
3,14330647,0,0.03218327
3,141673907,0,0.061318018
3,73393147,0,0.0039833123
3,99300159,0,0.0056513515
3,163322483,0,0.0017940054
3,48497145,0,0.3115896
9,3082192,0,0.002509978
9,94755243,0,0.025713846
9,76383379,0,0.0016731699
9,79028574,0,0.009476596
9,90754377,0,0.009664739
9,128456125,0,0.21638452
9,131959101,0,0.010183828
9,73221545,0,0.004198899
9,133241854,0,0.006469838
9,42432626,0,0.004189728
9,132111946,0,0.13551028
9,98190761,0,0.02965457
9,75922054,0,0.0037040403
9,94767762,0,0.021536278
9,66530313,0,0.03997269
22,17958195,0,0.008934643
22,47727649,0,0.010700358
22,21644577,0,0.002977135
4,49253000,0,0.0066388417
22,25708453,0,0.007054393
22,37727800,0,0.007523587
22,20781445,0,0.03315642
22,24737817,0,0.14228787
22,29773799,0,0.03679528
22,42420510,0,0.26404855
22,29742072,0,0.46336126
22,41669770,0,0.12897334
22,23537215,0,0.098880306
5,1722866,0,0.008554007
5,63708707,0,0.0032246355
5,34472401,0,0.0072292583
5,8830058,0,0.0061185667
5,62380323,0,0.012458011
5,20266054,0,0.0028093515
5,168987689,0,0.0021818818
5,152924978,0,0.001415357
5,37588628,0,0.056510255
5,119644467,0,0.0033606421
5,126481849,0,0.003303
5,72602724,0,0.010827397
5,50666618,0,0.007492961
5,84056130,0,0.003059812
5,152491034,0,0.00423038
15,89239725,0,0.013629359
15,28294922,0,0.009911213
15,96783752,0,0.007822037
15,91722540,0,0.0058944207
15,93389006,0,0.023056557
15,37599455,0,0.0076556667
15,63159572,0,0.007002967
15,24894480,0,0.004205406
15,37597668,0,0.009293144
15,32564722,0,0.0028998428
15,93592134,0,0.010788312
15,34018194,0,0.007596941
15,54054024,0,0.0046227267
15,93530703,0,0.08299531
15,38709551,0,0.035679404
19,6156014,0,0.0097586615
19,5961883,0,0.1665915
19,40817137,0,0.069286
19,31700840,0,0.0044205436
19,33753555,0,0.008316298
19,4215599,0,0.01916254
19,44762171,0,0.045686107
19,1658998,0,0.019860867
19,18763596,0,0.0430068
19,53360298,0,0.19530381
19,40056295,0,0.01140524
19,29398588,0,0.0023397752
19,48554827,0,0.08656504
19,55242533,0,0.01142495
19,52025473,0,0.017464759
17,25685052,0,0.043329522
17,18500405,0,0.016311534
17,17389787,0,0.1995168
17,58691340,0,0.008946211
17,2833328,0,0.009743085
17,78629025,0,0.018263979
17,63137003,0,0.029845523
17,49972830,0,0.0028483735
17,14743228,0,0.003873904
17,80699093,0,0.14584816
17,77286898,0,0.012302704
17,74665855,0,0.017064024
17,80561595,0,0.10111774
17,3598018,0,0.1978723
3,189873066,0,0.0013921751
3,72944269,0,0.009382902
3,2958471,0,0.0056709754
3,72812118,0,0.017780082
3,63473307,0,0.0018266959
3,102083416,0,0.0020078744
3,43796270,0,0.0058421292
3,95477530,0,0.001099563
3,77743954,0,0.0005608204
3,141913551,0,0.07322499
3,135313839,0,0.0015437109
3,42308076,0,0.019619133
3,66429305,0,0.030153092
3,189295708,0,0.00931689
3,56239599,0,0.005186998
10,104331989,0,0.10839614
10,63804134,0,0.06716407
10,14836733,0,0.008767154
10,55048830,0,0.0011834139
10,95257179,0,0.16027793
10,15986045,0,0.0030397493
10,85383781,0,0.0005531494
10,123406330,0,0.001384596
10,117548240,0,0.003505695
10,53427339,0,0.004557089
10,101715899,0,0.085380726
10,4795371,0,0.010950366
10,105986707,0,0.3731272
10,114546666,0,0.00820627
10,62123929,0,0.031267654
15,73072236,0,0.10286012
15,83272293,0,0.040852252
15,63838169,0,0.14015459
15,79045014,0,0.1157868
15,67316307,0,0.053132344
15,49444371,0,0.057461403
15,79833507,0,0.0033799
15,86555046,0,0.0032688319
15,83663887,0,0.2927873
15,23164464,0,0.004815323
15,29573780,0,0.0034410113
15,20619627,0,0.0084428955
15,22830889,0,0.07250135
15,39277540,0,0.012369144
15,50967723,0,0.1550913
4,64450701,0,0.0017850166
4,157176258,0,0.0007018803
4,62722211,0,0.004368152
4,36994486,0,0.0030090658
4,41540572,0,0.008507058
4,79723005,0,0.11054
4,124993237,0,0.0038545104
4,139488549,0,0.0021909361
4,172073148,0,0.0006809673
4,59604264,0,0.00062793394
4,156250763,0,0.045349382
4,108127855,0,0.0034837388
4,120013813,0,0.0020148503
4,21721636,0,0.0031085578
4,184665622,0,0.012744948
2,128402985,0,0.029729255
2,12331316,0,0.0024381345
2,118790599,0,0.028256182
2,92255111,0,0.00349413
2,106672903,0,0.02527291
2,98759690,0,0.01983678
2,131717889,0,0.010518535
2,199753841,0,0.010700106
2,238452005,0,0.0047968808
2,14186607,0,0.003600858
2,101696438,0,0.026702767
2,77959525,0,0.00067832205
2,46056164,0,0.0070227766
2,197170874,0,0.032634605
2,198849102,0,0.012400545
